fixed acidity,volatile acidity,citric acid,residual sugar,chlorides,free sulfur dioxide,total sulfur dioxide,density,pH,sulphates,alcohol,quality
6.9,0.75,0.13,6.3,0.036,19.0,50.0,0.99312,3.09,0.25,11.1,4.0
6.5,0.23,0.36,16.3,0.038,43.0,133.0,0.99924,3.26,0.41,8.8,5.0
7.4,0.22,0.27,1.6,0.057,45.0,98.0,0.99299,3.29,0.44,9.9,7.0
7.1,0.2,0.27,9.6,0.037,19.0,105.0,0.99444,3.04,0.37,10.5,7.0
7.1,0.33,0.18,6.3,0.094,27.0,166.0,0.99474,2.9,0.49,9.5,5.0
6.7,0.27,0.31,15.7,0.036,44.0,179.0,0.9979,3.26,0.56,9.6,5.0
7.8,0.25,0.34,13.7,0.044,66.0,184.0,0.99976,3.22,0.75,8.9,5.0
6.15,0.21,0.37,3.2,0.021,20.0,80.0,0.99076,3.39,0.47,12.0,5.0
6.9,0.3,0.25,3.3,0.041,26.0,124.0,0.99428,3.18,0.5,9.3,6.0
5.8,0.32,0.28,4.3,0.032,46.0,115.0,0.98946,3.16,0.57,13.0,8.0
5.8,0.28,0.35,2.3,0.053,36.0,114.0,0.9924,3.28,0.5,10.2,4.0
6.2,0.3,0.17,2.8,0.04,24.0,125.0,0.9939,3.01,0.46,9.0,5.0
6.2,0.2,0.28,1.1,0.039,24.0,78.0,0.9899,3.36,0.47,12.1,6.0
8.8,0.28,0.45,6.0,0.022,14.0,49.0,0.9934,3.01,0.33,11.1,7.0
6.9,0.2,0.5,10.0,0.036,78.0,167.0,0.9964,3.15,0.55,10.2,6.0
6.7,0.5,0.36,11.5,0.096,18.0,92.0,0.99642,3.11,0.49,9.6,5.0
7.8,0.31,0.4,1.6,0.027,20.0,87.0,0.9911,3.15,0.48,11.9,6.0
6.9,0.25,0.47,8.4,0.042,36.0,156.0,0.99604,3.15,0.55,9.4,6.0
5.7,0.22,0.2,16.0,0.044,41.0,113.0,0.99862,3.22,0.46,8.9,6.0
5.9,0.42,0.36,2.4,0.034,19.0,77.0,0.99184,3.25,0.48,10.9,5.0
6.5,0.33,0.24,14.5,0.048,20.0,96.0,0.99456,3.06,0.3,11.5,8.0
6.9,0.29,0.25,12.2,0.04,29.0,136.0,0.99552,3.05,0.65,10.4,6.0
7.4,0.21,0.27,7.3,0.031,41.0,144.0,0.9932,3.15,0.38,11.8,7.0
6.8,0.23,0.48,1.5,0.036,35.0,165.0,0.99162,3.18,0.45,11.3,6.0
7.0,0.31,0.52,1.7,0.029,5.0,61.0,0.9918,3.07,0.43,10.4,5.0
6.3,0.34,0.52,6.3,0.047,63.0,186.0,0.99481,3.18,0.44,9.6,5.0
8.2,0.52,0.34,1.2,0.042,18.0,167.0,0.99366,3.24,0.39,10.6,5.0
7.3,0.41,0.24,6.8,0.057,41.0,163.0,0.9949,3.2,0.41,9.9,6.0
7.4,0.29,0.48,12.8,0.037,61.5,182.0,0.99808,3.02,0.34,8.8,5.0
4.8,0.26,0.23,10.6,0.034,23.0,111.0,0.99274,3.46,0.28,11.5,7.0
5.9,0.21,0.28,4.6,0.053,40.0,199.0,0.9964,3.72,0.7,10.0,4.0
7.2,0.34,0.23,8.9,0.105,22.0,155.0,0.99692,3.01,0.58,9.5,5.0
6.4,0.31,0.27,7.4,0.049,48.0,169.0,0.99323,3.27,0.45,11.1,6.0
4.6,0.445,0.0,1.4,0.053,11.0,178.0,0.99426,3.79,0.55,10.2,5.0
7.8,0.28,0.32,9.0,0.036,34.0,115.0,0.9952,3.17,0.39,10.3,7.0
6.7,0.24,0.37,11.3,0.043,64.0,173.0,0.99632,3.08,0.53,9.9,6.0
6.6,0.21,0.49,18.15,0.042,41.0,158.0,0.9997,3.28,0.39,8.7,6.0
6.1,0.26,0.28,1.7,0.043,24.0,98.0,0.98918,3.14,0.44,12.5,6.0
6.9,0.34,0.3,4.7,0.029,34.0,148.0,0.99165,3.36,0.49,12.3,7.0
8.2,0.37,0.64,13.9,0.043,22.0,171.0,0.99873,2.99,0.8,9.3,5.0
6.9,0.26,0.31,7.0,0.039,37.0,175.0,0.99376,3.32,0.49,11.4,6.0
7.7,0.43,0.37,10.0,0.169,22.0,210.0,0.99776,3.02,0.64,9.5,5.0
6.7,0.22,0.39,1.2,0.049,26.0,152.0,0.99346,3.5,0.47,10.0,6.0
8.4,0.23,0.49,7.8,0.035,22.0,95.0,0.9935,3.04,0.34,12.0,6.0
6.6,0.26,0.21,2.9,0.026,48.0,126.0,0.99089,3.22,0.38,11.3,7.0
7.9,0.28,0.41,4.9,0.058,31.0,153.0,0.9966,3.27,0.51,9.7,6.0
6.7,0.24,0.41,2.9,0.039,48.0,122.0,0.99052,3.25,0.43,12.0,5.0
7.3,0.39,0.37,1.1,0.043,36.0,113.0,0.991,3.39,0.48,12.7,8.0
6.0,0.555,0.26,4.5,0.053,17.0,126.0,0.9943,3.24,0.46,9.1,5.0
7.1,0.34,0.15,1.2,0.053,61.0,183.0,0.9936,3.09,0.43,9.2,5.0
5.6,0.29,0.05,0.8,0.038,11.0,30.0,0.9924,3.36,0.35,9.2,5.0
6.3,0.26,0.42,7.1,0.045,62.0,209.0,0.99544,3.2,0.53,9.5,6.0
6.1,0.24,0.25,1.6,0.044,24.0,115.0,0.9921,3.39,0.59,10.9,6.0
6.7,0.38,0.26,9.55,0.036,35.0,91.0,0.9919,2.98,0.37,12.4,6.0
6.0,0.32,0.3,1.9,0.033,41.0,142.0,0.98912,3.29,0.42,12.8,7.0
8.4,0.32,0.35,11.7,0.029,3.0,46.0,0.99439,3.02,0.34,11.8,6.0
7.9,0.18,0.36,5.9,0.058,31.0,132.0,0.995,3.25,0.52,10.9,6.0
6.5,0.18,0.29,1.7,0.035,39.0,144.0,0.9927,3.49,0.5,10.5,6.0
7.6,0.27,0.32,1.2,0.043,23.0,72.0,0.99236,3.06,0.68,10.5,5.0
7.4,0.31,0.26,8.6,0.048,47.0,206.0,0.9964,3.26,0.36,9.1,5.0
5.5,0.17,0.23,2.9,0.039,10.0,108.0,0.99243,3.28,0.5,10.0,5.0
6.8,0.35,0.32,2.4,0.048,35.0,103.0,0.9911,3.28,0.46,12.0,8.0
7.6,0.48,0.33,7.0,0.024,14.0,130.0,0.9918,3.25,0.45,12.5,7.0
6.5,0.33,0.28,6.1,0.018,41.0,103.0,0.99122,3.24,0.32,12.2,6.0
6.2,0.31,0.21,6.3,0.041,50.0,218.0,0.9941,3.15,0.6,10.0,5.0
6.6,0.21,0.49,18.15,0.042,41.0,158.0,0.9997,3.28,0.39,8.7,6.0
6.4,0.24,0.26,8.2,0.054,47.0,182.0,0.99538,3.12,0.5,9.5,5.0
7.1,0.22,0.32,16.9,0.056,49.0,158.0,0.9998,3.37,0.38,9.6,6.0
8.4,0.22,0.3,8.9,0.024,17.0,118.0,0.99456,2.99,0.34,10.5,6.0
7.2,0.19,0.31,1.4,0.046,37.0,135.0,0.9939,3.34,0.57,10.2,7.0
6.3,0.14,0.39,1.2,0.044,26.0,116.0,0.992,3.26,0.53,10.3,6.0
7.2,0.24,0.27,11.4,0.034,40.0,174.0,0.99773,3.2,0.44,9.0,5.0
7.4,0.32,0.55,16.6,0.056,53.0,238.0,1.0017,2.96,0.58,8.7,6.0
7.1,0.31,0.38,1.2,0.036,10.0,124.0,0.9924,3.14,0.44,9.9,6.0
6.0,0.2,0.25,2.0,0.041,30.0,95.0,0.99078,3.27,0.56,11.1,6.0
9.3,0.34,0.49,7.3,0.052,30.0,146.0,0.998,3.17,0.61,10.2,5.0
6.2,0.29,0.26,13.1,0.046,55.0,204.0,0.99745,3.16,0.41,9.6,6.0
7.8,0.16,0.41,1.7,0.026,29.0,140.0,0.991,3.02,0.78,12.5,6.0
6.5,0.33,0.32,1.0,0.041,39.0,120.0,0.99004,3.06,0.37,12.2,6.0
6.9,0.28,0.4,8.2,0.036,15.0,95.0,0.9944,3.17,0.33,10.2,5.0
6.2,0.27,0.32,8.8,0.047,65.0,224.0,0.9961,3.17,0.47,8.9,5.0
6.4,0.595,0.14,5.2,0.058,15.0,97.0,0.9951,3.38,0.36,9.0,4.0
6.7,0.24,0.3,10.2,0.07,44.0,179.0,0.99666,2.86,0.46,8.9,6.0
6.9,0.33,0.26,5.0,0.027,46.0,143.0,0.9924,3.25,0.43,11.2,7.0
6.5,0.32,0.12,11.5,0.033,35.0,165.0,0.9974,3.22,0.32,9.0,5.0
6.6,0.21,0.29,5.35,0.029,43.0,106.0,0.99112,2.93,0.43,11.5,7.0
8.5,0.19,0.48,1.1,0.026,23.0,58.0,0.99184,2.9,0.5,10.5,6.0
6.5,0.26,0.32,6.65,0.059,34.0,104.0,0.99254,3.18,0.42,11.1,5.0
6.4,0.25,0.74,7.8,0.045,52.0,209.0,0.9956,3.21,0.42,9.2,6.0
6.4,0.21,0.34,16.05,0.04,56.0,142.0,0.99678,3.11,0.38,10.6,5.0
6.7,0.18,0.25,14.3,0.048,79.0,149.0,0.9975,3.12,0.37,9.7,5.0
6.6,0.295,0.24,1.6,0.039,29.0,140.0,0.99304,3.35,0.61,10.4,7.0
7.0,0.53,0.02,1.0,0.036,39.0,107.0,0.993,3.2,0.32,9.0,5.0
6.1,0.23,0.45,10.6,0.094,49.0,169.0,0.99699,3.05,0.54,8.8,5.0
7.2,0.33,0.28,1.4,0.034,26.0,109.0,0.99246,3.28,0.57,10.6,6.0
7.0,0.27,0.29,3.9,0.059,28.0,199.0,0.9961,3.54,0.59,10.3,5.0
7.8,0.2,0.2,1.4,0.036,25.0,83.0,0.99088,3.03,0.46,11.7,6.0
6.0,0.26,0.33,4.35,0.04,15.0,80.0,0.98934,3.29,0.5,12.7,6.0
6.6,0.28,0.23,10.4,0.049,45.0,190.0,0.99754,3.12,0.51,8.8,5.0
6.7,0.26,0.3,1.8,0.043,25.0,121.0,0.9944,3.44,0.61,10.2,6.0
6.9,0.2,0.4,7.7,0.032,51.0,176.0,0.9939,3.22,0.27,11.4,5.0
7.9,0.16,0.74,17.85,0.037,52.0,187.0,0.9998,2.99,0.41,9.3,5.0
7.2,0.37,0.4,11.6,0.032,34.0,214.0,0.9963,3.1,0.51,9.8,6.0
5.6,0.18,0.58,1.25,0.034,29.0,129.0,0.98984,3.51,0.6,12.0,7.0
5.9,0.28,0.39,1.4,0.031,47.0,147.0,0.98836,3.08,0.64,12.9,7.0
6.45,0.14,0.42,1.2,0.05,51.0,129.0,0.99116,3.27,0.69,11.1,7.0
6.4,0.24,0.49,5.8,0.053,25.0,120.0,0.9942,3.01,0.98,10.5,6.0
5.3,0.3,0.3,1.2,0.029,25.0,93.0,0.98742,3.31,0.4,13.6,7.0
6.9,0.31,0.33,12.7,0.038,33.0,116.0,0.9954,3.04,0.65,10.4,6.0
6.5,0.33,0.3,3.8,0.036,34.0,88.0,0.99028,3.25,0.63,12.5,7.0
6.4,0.29,0.2,15.6,0.04,20.0,142.0,0.9962,3.1,0.54,10.6,5.0
7.9,0.19,0.26,2.1,0.039,8.0,143.0,0.9942,3.05,0.74,9.8,5.0
7.2,0.31,0.46,5.0,0.04,3.0,29.0,0.9906,3.04,0.53,12.5,4.0
6.7,0.34,0.4,2.1,0.033,34.0,111.0,0.98924,2.97,0.48,12.2,7.0
6.5,0.29,0.42,10.6,0.042,66.0,202.0,0.99674,3.24,0.53,9.5,6.0
6.1,0.22,0.31,1.4,0.039,40.0,129.0,0.99193,3.45,0.59,10.9,5.0
7.5,0.26,0.25,1.7,0.038,29.0,129.0,0.99312,3.45,0.56,10.4,6.0
8.1,0.29,0.49,7.1,0.042,22.0,124.0,0.9944,3.14,0.41,10.8,6.0
6.4,0.17,0.3,2.8,0.034,33.0,125.0,0.99152,3.03,0.49,10.4,6.0
7.3,0.17,0.24,8.1,0.121,32.0,162.0,0.99508,3.17,0.38,10.4,8.0
8.0,0.22,0.31,5.6,0.049,24.0,97.0,0.993,3.1,0.42,10.9,5.0
6.3,0.29,0.29,3.3,0.037,32.0,140.0,0.9895,3.17,0.36,12.8,7.0
5.2,0.28,0.29,1.1,0.028,18.0,69.0,0.99168,3.24,0.54,10.0,6.0
8.2,0.26,0.44,1.3,0.046,7.0,69.0,0.9944,3.14,0.62,10.2,4.0
7.4,0.21,0.8,12.3,0.038,77.0,183.0,0.99778,2.95,0.48,9.0,5.0
6.6,0.29,0.29,1.8,0.036,38.0,102.0,0.98819,3.08,0.42,13.7,7.0
6.3,0.2,0.19,12.3,0.048,54.0,145.0,0.99668,3.16,0.42,9.3,6.0
7.3,0.28,0.54,12.9,0.049,62.0,162.5,0.9984,3.06,0.45,9.1,6.0
5.2,0.21,0.31,1.7,0.048,17.0,61.0,0.98953,3.24,0.37,12.0,7.0
8.0,0.27,0.33,1.2,0.05,41.0,103.0,0.99002,3.0,0.45,12.4,6.0
7.0,0.45,0.34,19.8,0.04,12.0,67.0,0.9976,3.07,0.38,11.0,6.0
7.2,0.16,0.29,1.0,0.031,40.0,123.0,0.98958,3.12,0.4,12.1,7.0
6.4,0.21,0.21,5.1,0.097,21.0,105.0,0.9939,3.07,0.46,9.6,5.0
6.4,0.31,0.53,8.8,0.057,36.0,221.0,0.99642,3.17,0.44,9.1,5.0
6.4,0.16,0.25,1.3,0.047,20.0,77.0,0.9933,3.61,0.54,10.2,6.0
8.5,0.2,0.4,1.1,0.046,31.0,106.0,0.99194,3.0,0.35,10.5,4.0
6.5,0.36,0.36,6.7,0.185,51.5,151.0,0.99528,3.17,0.42,9.3,5.0
7.5,0.35,0.28,9.6,0.051,26.0,157.0,0.9969,3.12,0.53,9.2,6.0
6.5,0.28,0.34,9.9,0.038,30.0,133.0,0.9954,3.11,0.44,9.8,5.0
5.5,0.24,0.45,1.7,0.046,22.0,113.0,0.99224,3.22,0.48,10.0,5.0
6.9,0.33,0.26,5.0,0.027,46.0,143.0,0.9924,3.25,0.43,11.2,7.0
7.4,0.24,0.42,14.0,0.066,48.0,198.0,0.9979,2.89,0.42,8.9,6.0
7.3,0.25,0.29,7.5,0.049,38.0,158.0,0.9965,3.43,0.38,9.6,5.0
7.3,0.23,0.24,0.9,0.031,29.0,86.0,0.98926,2.9,0.38,12.2,6.0
7.7,0.24,0.31,1.3,0.047,33.0,106.0,0.993,3.22,0.55,10.8,6.0
6.6,0.23,0.24,3.9,0.045,36.0,138.0,0.9922,3.15,0.64,11.3,7.0
7.7,0.31,0.26,7.8,0.031,23.0,90.0,0.9944,3.13,0.5,10.4,5.0
6.5,0.21,0.35,5.7,0.043,47.0,197.0,0.99392,3.24,0.5,10.1,6.0
7.9,0.3,0.6,1.85,0.048,13.0,106.0,0.99331,3.24,0.49,11.85,5.0
5.9,0.22,0.29,4.2,0.037,69.0,144.0,0.99214,3.13,0.74,10.8,7.0
6.7,0.33,0.34,7.5,0.036,39.0,124.0,0.99123,2.99,0.32,12.4,8.0
6.5,0.35,0.28,12.4,0.051,86.0,213.0,0.9962,3.16,0.51,9.9,6.0
6.0,0.35,0.46,0.9,0.033,9.0,65.0,0.98934,3.24,0.35,12.1,4.0
6.0,0.28,0.29,19.3,0.051,36.0,174.0,0.99911,3.14,0.5,9.0,5.0
7.1,0.23,0.39,13.7,0.058,26.0,172.0,0.99755,2.9,0.46,9.0,6.0
5.8,0.3,0.33,3.5,0.033,25.0,116.0,0.99057,3.2,0.44,11.7,6.0
8.2,0.3,0.44,12.4,0.043,52.0,154.0,0.99452,3.04,0.33,12.0,6.0
6.3,0.18,0.36,1.2,0.034,26.0,111.0,0.99074,3.16,0.51,11.0,6.0
5.7,0.25,0.22,9.8,0.049,50.0,125.0,0.99571,3.2,0.45,10.1,6.0
6.3,0.22,0.22,5.6,0.039,31.0,128.0,0.99296,3.12,0.46,10.4,6.0
7.5,0.42,0.34,4.3,0.04,34.0,108.0,0.99155,3.14,0.45,12.8,8.0
6.2,0.3,0.28,1.6,0.036,28.0,106.0,0.988245,3.14,0.41,13.3,6.0
7.5,0.28,0.34,4.2,0.028,36.0,116.0,0.991,2.99,0.41,12.3,8.0
7.6,0.15,0.35,4.3,0.051,23.0,98.0,0.99422,3.1,0.44,9.5,6.0
7.9,0.36,0.53,12.9,0.049,63.0,139.0,0.99792,2.94,0.45,9.1,5.0
5.9,0.17,0.28,0.7,0.027,5.0,28.0,0.98985,3.13,0.32,10.6,5.0
8.3,0.24,0.27,2.1,0.03,22.0,162.0,0.9914,2.99,0.68,11.9,6.0
6.5,0.41,0.64,11.8,0.065,65.0,225.0,0.9978,3.12,0.51,8.9,5.0
7.1,0.33,0.64,13.2,0.056,12.0,105.0,0.9972,3.05,0.39,9.2,5.0
10.0,0.91,0.42,1.6,0.056,34.0,181.0,0.9968,3.11,0.46,10.0,4.0
6.8,0.31,0.32,7.6,0.052,35.0,143.0,0.9959,3.14,0.38,9.0,5.0
6.8,0.27,0.26,16.1,0.049,55.0,196.0,0.9984,3.15,0.5,9.3,5.0
7.2,0.23,0.38,14.3,0.058,55.0,194.0,0.9979,3.09,0.44,9.0,6.0
7.1,0.2,0.35,3.2,0.034,21.0,107.0,0.99195,3.11,0.54,11.1,6.0
6.8,0.45,0.28,26.05,0.031,27.0,122.0,1.00295,3.06,0.42,10.6,6.0
6.9,0.16,0.35,1.3,0.043,21.0,182.0,0.9927,3.25,0.62,10.8,6.0
7.8,0.43,0.49,13.0,0.033,37.0,158.0,0.9955,3.14,0.35,11.3,6.0
6.5,0.38,0.34,3.4,0.036,34.0,200.0,0.9937,3.14,0.76,10.0,5.0
6.7,0.22,0.39,10.2,0.038,60.0,149.0,0.99725,3.17,0.54,10.0,7.0
7.6,0.27,0.34,5.0,0.04,18.0,56.0,0.99084,3.06,0.48,12.4,6.0
5.9,0.2,0.23,1.5,0.037,38.0,93.0,0.99021,3.36,0.49,12.0,6.0
6.9,0.45,0.27,4.7,0.035,17.0,80.0,0.99058,3.12,0.36,12.5,7.0
6.8,0.26,0.24,7.8,0.052,54.0,214.0,0.9961,3.13,0.47,8.9,5.0
7.9,0.26,0.41,15.15,0.04,38.0,216.0,0.9976,2.96,0.6,10.0,6.0
6.2,0.21,0.52,6.5,0.047,28.0,123.0,0.99418,3.22,0.49,9.9,6.0
8.6,0.37,0.7,12.15,0.039,21.0,158.0,0.9983,3.0,0.73,9.3,6.0
7.1,0.44,0.62,11.8,0.044,52.0,152.0,0.9975,3.12,0.46,8.7,6.0
7.0,0.17,0.36,6.4,0.055,42.0,123.0,0.99318,3.11,0.5,11.0,8.0
6.4,0.3,0.16,7.5,0.05,55.0,191.0,0.9959,3.17,0.49,9.0,5.0
6.5,0.25,0.27,15.2,0.049,75.0,217.0,0.9972,3.19,0.39,9.9,5.0
6.8,0.32,0.18,7.5,0.041,71.0,223.0,0.9959,3.14,0.41,8.9,5.0
7.0,0.34,0.39,6.9,0.066,43.0,162.0,0.99561,3.11,0.53,9.5,5.0
7.2,0.2,0.3,2.0,0.039,43.0,188.0,0.9911,3.3,0.41,12.0,6.0
6.8,0.15,0.41,12.9,0.044,79.5,183.0,0.99742,3.24,0.78,10.2,6.0
6.4,0.44,0.26,2.0,0.054,20.0,180.0,0.9952,3.58,0.57,10.0,5.0
7.5,0.42,0.2,1.4,0.06,15.0,168.0,0.9944,3.06,0.4,9.4,6.0
7.0,0.32,0.31,6.4,0.031,38.0,115.0,0.99235,3.38,0.58,12.2,7.0
5.7,0.18,0.36,1.2,0.046,9.0,71.0,0.99199,3.7,0.68,10.9,7.0
7.4,0.28,0.4,11.9,0.032,13.0,92.0,0.99629,3.01,0.46,10.8,4.0
5.9,0.44,0.33,1.2,0.049,12.0,117.0,0.99134,3.46,0.44,11.5,5.0
8.2,0.24,0.49,9.3,0.038,52.0,163.0,0.9952,3.02,0.33,10.6,6.0
6.1,0.31,0.58,5.0,0.039,36.0,114.0,0.9909,3.3,0.6,12.3,8.0
5.9,0.5,0.05,2.6,0.054,36.0,146.0,0.9948,3.43,0.5,9.2,6.0
8.0,0.24,0.3,17.45,0.056,43.0,184.0,0.9997,3.05,0.5,9.2,6.0
8.5,0.23,0.4,9.9,0.036,24.0,88.0,0.9951,3.02,0.42,10.5,6.0
5.8,0.21,0.32,1.6,0.045,38.0,95.0,0.98946,3.23,0.94,12.4,8.0
6.6,0.4,0.46,6.2,0.056,42.0,241.0,0.9968,3.5,0.6,9.9,5.0
6.7,0.23,0.39,2.5,0.172,63.0,158.0,0.9937,3.11,0.36,9.4,6.0
8.4,0.19,0.42,1.6,0.047,9.0,101.0,0.994,3.06,0.65,11.1,4.0
6.7,0.24,0.33,12.3,0.046,31.0,145.0,0.9983,3.36,0.4,9.5,5.0
7.0,0.28,0.32,1.7,0.038,27.0,128.0,0.99375,3.2,0.62,10.2,6.0
6.7,0.44,0.31,1.9,0.03,41.0,104.0,0.99,3.29,0.62,12.6,7.0
5.9,0.22,0.45,22.6,0.12,55.0,122.0,0.99636,3.1,0.35,12.8,5.0
6.4,0.25,0.32,5.5,0.049,41.0,176.0,0.995,3.19,0.68,9.2,6.0
7.6,0.31,0.49,13.4,0.062,50.0,191.0,0.9989,3.22,0.53,9.0,4.0
6.8,0.28,0.36,1.6,0.04,25.0,87.0,0.9924,3.23,0.66,10.3,6.0
6.5,0.36,0.38,10.2,0.028,20.0,82.0,0.99274,3.1,0.43,12.1,7.0
7.7,0.26,0.34,6.4,0.05,36.0,163.0,0.9937,3.19,0.7,11.5,6.0
7.2,0.31,0.5,13.3,0.056,68.0,195.0,0.9982,3.01,0.47,9.2,5.0
8.4,0.58,0.27,12.15,0.033,37.0,116.0,0.9959,2.99,0.39,10.8,6.0
7.2,0.2,0.36,2.5,0.028,22.0,157.0,0.9938,3.48,0.49,10.6,6.0
6.3,0.23,0.33,1.5,0.036,15.0,105.0,0.991,3.32,0.42,11.2,6.0
7.3,0.32,0.34,6.6,0.032,24.0,112.0,0.99505,3.22,0.46,9.8,6.0
6.9,0.32,0.16,1.4,0.051,15.0,96.0,0.994,3.22,0.38,9.5,4.0
6.3,0.32,0.35,11.1,0.039,29.0,198.0,0.9984,3.36,0.5,9.4,7.0
7.2,0.24,0.19,7.7,0.045,53.0,176.0,0.9958,3.17,0.38,9.5,5.0
5.1,0.33,0.22,1.6,0.027,18.0,89.0,0.9893,3.51,0.38,12.5,7.0
5.8,0.36,0.32,1.7,0.033,22.0,96.0,0.9898,3.03,0.38,11.2,6.0
5.9,0.62,0.28,3.5,0.039,55.0,152.0,0.9907,3.44,0.44,12.0,6.0
6.5,0.23,0.38,1.3,0.032,29.0,112.0,0.99298,3.29,0.54,9.7,5.0
6.9,0.38,0.32,8.5,0.044,36.0,152.0,0.9932,3.38,0.35,12.0,7.0
7.0,0.17,0.37,1.5,0.028,26.0,75.0,0.9922,3.3,0.46,10.8,7.0
7.6,0.34,0.39,7.6,0.04,45.0,215.0,0.9965,3.11,0.53,9.2,6.0
6.9,0.16,0.3,9.6,0.057,50.0,185.0,0.9978,3.39,0.38,9.6,6.0
7.0,0.17,0.33,4.0,0.034,17.0,127.0,0.9934,3.19,0.39,10.6,7.0
7.4,0.3,0.32,1.7,0.03,23.0,128.0,0.9929,3.17,0.66,10.9,5.0
6.8,0.17,0.17,5.1,0.049,26.0,82.0,0.993,3.0,0.38,9.8,6.0
6.2,0.25,0.54,7.0,0.046,58.0,176.0,0.99454,3.19,0.7,10.4,5.0
8.1,0.3,0.49,8.1,0.037,26.0,174.0,0.9943,3.1,0.3,11.2,7.0
6.0,0.52,0.33,7.7,0.046,24.0,119.0,0.99224,3.04,0.38,11.0,6.0
6.3,0.33,0.42,17.2,0.037,57.0,170.0,0.99884,3.26,0.57,9.4,6.0
5.9,0.32,0.2,14.4,0.05,29.0,144.0,0.99666,3.24,0.41,10.3,6.0
6.4,0.26,0.21,7.1,0.04,35.0,162.0,0.9956,3.39,0.58,9.9,6.0
7.4,0.24,0.29,10.1,0.05,21.0,105.0,0.9962,3.13,0.35,9.5,5.0
6.2,0.31,0.23,3.3,0.052,34.0,113.0,0.99429,3.16,0.48,8.4,5.0
7.2,0.21,0.37,1.6,0.049,23.0,94.0,0.9924,3.16,0.48,10.9,7.0
5.8,0.26,0.29,1.0,0.042,35.0,101.0,0.99044,3.36,0.48,11.4,7.0
5.7,0.21,0.37,4.5,0.04,58.0,140.0,0.99332,3.29,0.62,10.6,6.0
6.2,0.37,0.24,6.1,0.032,19.0,86.0,0.98934,3.04,0.26,13.4,8.0
6.3,0.27,0.37,7.9,0.047,58.0,215.0,0.99542,3.19,0.48,9.5,6.0
6.0,0.29,0.27,2.3,0.044,20.0,117.0,0.9895,3.31,0.41,12.7,7.0
6.0,0.495,0.27,5.0,0.157,17.0,129.0,0.99396,3.03,0.36,9.3,5.0
6.9,0.35,0.39,2.4,0.048,25.0,157.0,0.99133,3.2,0.54,11.1,7.0
7.3,0.24,0.34,15.4,0.05,38.0,174.0,0.9983,3.03,0.42,9.0,6.0
8.0,0.34,0.49,9.0,0.033,39.0,180.0,0.9936,3.13,0.38,12.3,8.0
5.8,0.15,0.31,5.9,0.036,7.0,73.0,0.99152,3.2,0.43,11.9,6.0
7.2,0.29,0.18,8.2,0.042,41.0,180.0,0.99644,3.16,0.49,9.1,5.0
7.4,0.28,0.42,19.8,0.066,53.0,195.0,1.0,2.96,0.44,9.1,5.0
6.7,0.21,0.37,2.5,0.034,35.0,89.0,0.9913,3.25,0.5,11.0,7.0
6.4,0.27,0.19,1.9,0.085,21.0,196.0,0.99516,3.49,0.64,9.5,4.0
7.5,0.33,0.36,2.6,0.051,26.0,126.0,0.99097,3.32,0.53,12.7,6.0
7.2,0.26,0.44,7.1,0.027,25.0,126.0,0.993,3.02,0.34,11.1,8.0
4.9,0.235,0.27,11.75,0.03,34.0,118.0,0.9954,3.07,0.5,9.4,6.0
7.5,0.3,0.71,1.3,0.16,44.0,149.0,0.9948,3.08,0.42,8.9,5.0
6.1,0.28,0.27,4.7,0.03,56.0,140.0,0.99042,3.16,0.42,12.5,8.0
6.9,0.615,0.42,12.0,0.067,24.0,131.0,0.99727,3.19,0.34,9.3,5.0
6.4,0.31,0.4,6.2,0.04,46.0,169.0,0.9953,3.15,0.46,9.3,6.0
5.8,0.22,0.29,1.3,0.036,25.0,68.0,0.98865,3.24,0.35,12.6,6.0
6.4,0.41,0.01,6.1,0.048,20.0,70.0,0.99362,3.19,0.42,10.0,5.0
6.3,0.28,0.22,9.5,0.04,30.0,111.0,0.99338,3.05,0.31,10.8,4.0
6.2,0.16,0.33,1.1,0.057,21.0,82.0,0.991,3.32,0.46,10.9,7.0
7.1,0.53,0.24,0.8,0.029,29.0,86.0,0.993,3.16,0.32,9.1,4.0
6.1,0.31,0.37,8.4,0.031,70.0,170.0,0.9934,3.42,0.4,11.7,8.0
5.0,0.33,0.16,1.5,0.049,10.0,97.0,0.9917,3.48,0.44,10.7,6.0
7.1,0.33,0.64,13.2,0.056,12.0,105.0,0.9972,3.05,0.39,9.2,5.0
5.9,0.19,0.26,7.4,0.034,33.0,123.0,0.995,3.49,0.42,10.1,6.0
6.3,0.17,0.32,4.2,0.04,37.0,117.0,0.99182,3.24,0.43,11.3,6.0
8.8,0.2,0.43,15.0,0.053,60.0,184.0,1.0008,3.28,0.79,8.8,6.0
7.2,0.21,0.35,14.5,0.048,35.0,178.0,0.9982,3.05,0.47,8.9,6.0
5.1,0.35,0.26,6.8,0.034,36.0,120.0,0.99188,3.38,0.4,11.5,6.0
5.7,0.2,0.24,13.8,0.047,44.0,112.0,0.99837,2.97,0.66,8.8,6.0
6.8,0.24,0.34,5.1,0.038,31.0,99.0,0.9921,3.24,0.46,11.8,6.0
6.6,0.27,0.33,1.4,0.042,24.0,183.0,0.99215,3.29,0.46,10.7,5.0
6.1,0.3,0.3,2.1,0.031,50.0,163.0,0.9895,3.39,0.43,12.7,7.0
5.8,0.6,0.0,1.3,0.044,72.0,197.0,0.99202,3.56,0.43,10.9,5.0
6.2,0.21,0.34,6.6,0.03,36.0,91.0,0.9914,3.32,0.45,12.5,7.0
7.1,0.16,0.36,10.7,0.044,20.0,90.0,0.9959,3.16,0.44,10.9,7.0
6.2,0.66,0.48,1.2,0.029,29.0,75.0,0.9892,3.33,0.39,12.8,8.0
6.1,0.23,0.27,9.8,0.055,74.0,134.0,0.99534,3.16,0.4,10.2,6.0
6.5,0.26,0.31,1.3,0.034,59.0,145.0,0.98944,3.16,0.54,12.4,6.0
6.4,0.3,0.27,4.4,0.055,17.0,135.0,0.9925,3.23,0.44,12.2,6.0
5.6,0.18,0.58,1.25,0.034,29.0,129.0,0.98984,3.51,0.6,12.0,7.0
6.2,0.32,0.12,4.8,0.054,6.0,97.0,0.99424,3.16,0.5,9.3,5.0
6.3,0.25,0.44,1.7,0.024,36.0,116.0,0.98935,3.18,0.4,12.5,6.0
7.2,0.16,0.26,7.1,0.054,41.0,224.0,0.9966,3.38,0.55,10.1,5.0
8.2,0.27,0.39,7.8,0.039,49.0,208.0,0.9976,3.31,0.51,9.5,6.0
7.2,0.39,0.54,1.4,0.157,34.0,132.0,0.99449,3.11,0.53,9.0,6.0
6.6,0.23,0.27,5.6,0.043,43.0,164.0,0.9953,3.27,0.76,9.5,5.0
5.7,0.26,0.24,17.8,0.059,23.0,124.0,0.99773,3.3,0.5,10.1,5.0
6.5,0.44,0.47,5.45,0.014,44.0,137.0,0.98984,3.13,0.32,13.0,8.0
7.2,0.43,0.24,6.7,0.058,40.0,163.0,0.995,3.2,0.41,9.9,5.0
5.3,0.76,0.03,2.7,0.043,27.0,93.0,0.9932,3.34,0.38,9.2,5.0
6.8,0.22,0.29,8.9,0.046,82.0,188.0,0.9955,3.3,0.44,10.3,6.0
9.0,0.245,0.38,5.9,0.045,52.0,159.0,0.995,2.93,0.35,10.2,6.0
7.7,0.4,0.27,4.5,0.034,27.0,95.0,0.99175,3.21,0.59,12.3,8.0
6.6,0.21,0.6,1.1,0.135,61.0,144.0,0.9927,3.12,0.39,9.3,7.0
7.1,0.4,0.52,1.3,0.148,45.0,149.0,0.99468,3.08,0.56,8.7,5.0
6.7,0.31,0.18,7.7,0.043,57.0,200.0,0.99566,3.17,0.44,9.4,6.0
7.2,0.23,0.25,18.8,0.085,19.0,111.0,1.00044,3.1,0.51,8.7,5.0
7.2,0.25,0.28,14.4,0.055,55.0,205.0,0.9986,3.12,0.38,9.0,7.0
6.6,0.18,0.26,17.3,0.051,17.0,149.0,0.9984,3.0,0.43,9.4,6.0
7.1,0.21,0.27,8.6,0.056,26.0,111.0,0.9956,2.95,0.52,9.5,5.0
7.9,0.34,0.44,6.5,0.027,47.0,126.0,0.99124,2.96,0.37,12.5,6.0
7.4,0.36,0.23,1.9,0.017,31.0,69.0,0.9892,2.93,0.36,12.5,6.0
6.9,0.26,0.49,1.6,0.058,39.0,166.0,0.9965,3.65,0.52,9.4,4.0
7.2,0.23,0.32,8.5,0.058,47.0,186.0,0.9956,3.19,0.4,9.9,6.0
5.7,0.21,0.32,0.9,0.038,38.0,121.0,0.99074,3.24,0.46,10.6,6.0
6.4,0.18,0.74,11.9,0.046,54.0,168.0,0.9978,3.58,0.68,10.1,5.0
6.9,0.22,0.28,7.8,0.05,43.0,116.0,0.99326,3.22,0.6,11.5,8.0
8.2,0.23,0.49,0.9,0.057,15.0,73.0,0.9928,3.07,0.38,10.4,6.0
7.7,0.26,0.51,2.6,0.045,26.0,159.0,0.99126,3.0,0.5,11.2,6.0
7.6,0.29,0.29,4.4,0.051,26.0,146.0,0.9939,3.16,0.39,10.2,5.0
6.5,0.32,0.3,2.3,0.051,20.0,127.0,0.98964,3.13,0.52,12.8,6.0
7.5,0.18,0.45,4.6,0.041,67.0,158.0,0.9927,3.01,0.38,10.6,6.0
8.5,0.18,0.3,1.1,0.028,34.0,95.0,0.99272,2.83,0.36,10.0,4.0
4.4,0.32,0.39,4.3,0.03,31.0,127.0,0.98904,3.46,0.36,12.8,8.0
7.6,0.35,0.46,14.7,0.047,33.0,151.0,0.99709,3.03,0.53,10.3,5.0
6.6,0.19,0.41,8.9,0.046,51.0,169.0,0.9954,3.14,0.57,9.8,6.0
6.4,0.475,0.06,1.0,0.03,9.0,131.0,0.9904,2.97,0.29,10.8,5.0
8.0,0.22,0.42,14.6,0.044,45.0,163.0,1.0003,3.21,0.69,8.6,7.0
7.4,0.2,0.29,1.7,0.047,16.0,100.0,0.99243,3.28,0.45,10.6,6.0
5.8,0.61,0.01,8.4,0.041,31.0,104.0,0.9909,3.26,0.72,14.05,7.0
6.4,0.23,0.35,10.3,0.042,54.0,140.0,0.9967,3.23,0.47,9.2,5.0
7.8,0.26,0.74,7.5,0.044,59.0,160.0,0.996,3.22,0.64,10.0,6.0
8.0,0.25,0.49,1.2,0.061,27.0,117.0,0.9938,3.08,0.34,9.4,5.0
6.4,0.22,0.32,12.0,0.066,57.0,158.0,0.9992,3.6,0.43,9.0,6.0
7.0,0.32,0.35,1.5,0.039,24.0,125.0,0.9918,3.17,0.64,12.2,6.0
7.6,0.35,0.47,13.3,0.037,42.0,116.0,0.99822,3.04,0.5,9.2,5.0
8.1,0.26,0.37,1.9,0.072,48.0,159.0,0.9949,3.37,0.7,10.9,6.0
8.0,0.13,0.25,1.1,0.033,15.0,86.0,0.99044,2.98,0.39,11.2,8.0
7.1,0.25,0.49,3.0,0.03,30.0,96.0,0.9903,3.13,0.39,12.3,7.0
8.0,0.26,0.36,2.0,0.054,30.0,121.0,0.992,3.09,0.72,11.6,7.0
7.9,0.37,0.3,2.7,0.029,64.0,158.0,0.9916,3.12,0.59,12.0,7.0
6.8,0.21,0.49,14.5,0.06,50.0,170.0,0.9991,3.55,0.44,9.8,6.0
5.9,0.445,0.26,1.4,0.027,23.0,109.0,0.99148,3.3,0.36,10.5,6.0
6.6,0.18,0.26,17.3,0.051,17.0,149.0,0.9984,3.0,0.43,9.4,6.0
7.3,0.22,0.26,1.5,0.04,32.0,172.0,0.99194,3.27,0.48,11.2,6.0
5.8,0.23,0.2,2.0,0.043,39.0,154.0,0.99226,3.21,0.39,10.2,6.0
7.9,0.25,0.35,6.7,0.039,22.0,64.0,0.99362,2.93,0.49,10.7,5.0
7.3,0.21,0.21,1.6,0.046,35.0,133.0,0.99466,3.38,0.46,10.0,6.0
7.8,0.22,0.38,10.3,0.059,28.0,99.0,0.9967,3.12,0.47,10.0,6.0
7.6,0.26,0.32,1.3,0.048,23.0,76.0,0.9903,2.96,0.46,12.0,6.0
6.8,0.37,0.51,11.8,0.044,62.0,163.0,0.9976,3.19,0.44,8.8,5.0
6.5,0.22,0.34,12.0,0.053,55.0,177.0,0.9983,3.52,0.44,9.9,6.0
7.4,0.24,0.29,10.1,0.05,21.0,105.0,0.9962,3.13,0.35,9.5,5.0
6.8,0.25,0.34,4.7,0.031,34.0,134.0,0.9927,3.21,0.38,10.6,6.0
7.7,0.28,0.29,4.3,0.051,25.0,142.0,0.9939,3.16,0.39,10.2,5.0
6.8,0.25,0.3,11.8,0.043,53.0,133.0,0.99524,3.03,0.58,10.4,6.0
6.5,0.27,0.19,6.6,0.045,98.0,175.0,0.99364,3.16,0.34,10.1,6.0
7.4,0.31,0.26,8.6,0.048,47.0,206.0,0.9964,3.26,0.36,9.1,5.0
6.2,0.22,0.28,2.2,0.04,24.0,125.0,0.9917,3.19,0.48,10.5,6.0
7.7,0.46,0.18,3.3,0.054,18.0,143.0,0.99392,3.12,0.51,10.8,6.0
6.8,0.17,0.34,2.0,0.04,38.0,111.0,0.99,3.24,0.45,12.9,6.0
6.5,0.44,0.49,7.7,0.045,16.0,169.0,0.9957,3.11,0.37,8.7,6.0
5.7,0.44,0.13,7.0,0.025,28.0,173.0,0.9913,3.33,0.48,12.5,6.0
8.3,0.2,0.49,1.7,0.04,34.0,169.0,0.9938,3.05,0.37,10.1,5.0
6.4,0.27,0.49,7.3,0.046,53.0,206.0,0.9956,3.24,0.43,9.2,6.0
6.4,0.33,0.44,8.9,0.055,52.0,164.0,0.99488,3.1,0.48,9.6,5.0
6.4,0.18,0.32,9.6,0.052,24.0,90.0,0.9963,3.35,0.49,9.4,6.0
7.3,0.22,0.41,15.4,0.05,55.0,191.0,1.0,3.32,0.59,8.9,6.0
7.2,0.22,0.49,1.0,0.045,34.0,140.0,0.99,3.05,0.34,12.7,6.0
8.8,0.35,0.49,1.0,0.036,14.0,56.0,0.992,2.96,0.33,10.5,4.0
6.6,0.26,0.56,15.4,0.053,32.0,141.0,0.9981,3.11,0.49,9.3,5.0
8.7,0.31,0.73,14.35,0.044,27.0,191.0,1.00013,2.96,0.88,8.7,5.0
6.5,0.2,0.5,18.1,0.054,50.0,221.0,0.99941,2.94,0.64,8.8,6.0
9.2,0.34,0.27,1.2,0.026,17.0,73.0,0.9921,3.08,0.39,10.8,5.0
7.4,0.16,0.33,1.2,0.042,47.0,121.0,0.99198,3.04,0.68,10.5,7.0
7.1,0.19,0.28,3.6,0.033,16.0,78.0,0.993,2.91,0.78,11.4,6.0
7.1,0.2,0.31,6.85,0.053,32.0,211.0,0.99587,3.31,0.59,10.4,6.0
8.9,0.33,0.34,1.4,0.056,14.0,171.0,0.9946,3.13,0.47,9.7,5.0
6.7,0.28,0.42,3.5,0.035,43.0,105.0,0.99021,3.18,0.38,12.2,6.0
6.9,0.19,0.35,13.5,0.038,49.0,118.0,0.99546,3.0,0.63,10.7,6.0
7.2,0.19,0.31,1.6,0.062,31.0,173.0,0.9917,3.35,0.44,11.7,6.0
6.5,0.18,0.34,1.6,0.04,43.0,148.0,0.9912,3.32,0.59,11.5,8.0
6.2,0.23,0.36,17.2,0.039,37.0,130.0,0.99946,3.23,0.43,8.8,6.0
6.0,0.31,0.27,2.3,0.042,19.0,120.0,0.98952,3.32,0.41,12.7,7.0
6.1,0.28,0.24,19.95,0.074,32.0,174.0,0.99922,3.19,0.44,9.3,6.0
7.5,0.16,0.38,12.7,0.043,70.5,163.0,0.99706,3.15,0.82,10.4,7.0
7.3,0.205,0.31,1.7,0.06,34.0,110.0,0.9963,3.72,0.69,10.5,6.0
6.7,0.62,0.24,1.1,0.039,6.0,62.0,0.9934,3.41,0.32,10.4,5.0
9.2,0.15,0.68,1.6,0.046,22.0,130.0,0.9948,3.02,0.45,10.4,6.0
6.8,0.39,0.31,14.35,0.043,28.0,162.0,0.9988,3.17,0.54,9.1,5.0
6.6,0.26,0.56,15.4,0.053,32.0,141.0,0.9981,3.11,0.49,9.3,5.0
7.0,0.35,0.31,1.8,0.069,15.0,162.0,0.9944,3.18,0.47,9.4,5.0
7.5,0.38,0.29,12.7,0.05,25.0,209.0,0.9986,3.25,0.59,9.3,6.0
6.8,0.23,0.39,16.1,0.053,71.0,194.0,0.9988,3.18,0.64,10.2,6.0
6.2,0.22,0.27,1.5,0.064,20.0,132.0,0.9938,3.22,0.46,9.2,6.0
6.9,0.24,0.34,4.7,0.04,43.0,161.0,0.9935,3.2,0.59,10.6,6.0
6.7,0.46,0.21,4.0,0.034,12.0,88.0,0.99016,3.26,0.54,13.0,6.0
7.5,0.24,0.29,1.1,0.046,34.0,84.0,0.9902,3.04,0.39,11.45,6.0
7.0,0.27,0.41,18.75,0.042,34.0,157.0,1.0002,2.96,0.5,9.1,5.0
7.2,0.17,0.41,1.6,0.052,24.0,126.0,0.99228,3.19,0.49,10.8,5.0
7.6,0.19,0.38,10.6,0.06,48.0,174.0,0.9962,3.13,0.38,10.5,6.0
6.8,0.35,0.44,6.5,0.056,31.0,161.0,0.9952,3.14,0.44,9.5,5.0
6.3,0.26,0.21,4.0,0.03,24.0,125.0,0.9915,3.06,0.34,10.7,6.0
6.8,0.28,0.43,7.6,0.03,30.0,110.0,0.99164,3.08,0.59,12.5,8.0
7.0,0.2,0.38,8.1,0.05,42.0,173.0,0.99585,3.3,0.54,9.8,6.0
6.7,0.24,0.46,2.2,0.033,19.0,111.0,0.99045,3.1,0.62,11.9,6.0
6.4,0.62,0.12,4.7,0.06,33.0,196.0,0.99556,3.22,0.48,8.9,5.0
5.7,0.25,0.26,12.5,0.049,52.5,106.0,0.99691,3.08,0.45,9.4,6.0
7.7,0.24,0.29,15.3,0.044,39.0,194.0,0.9982,3.06,0.47,9.6,7.0
6.8,0.19,0.71,17.5,0.042,21.0,114.0,0.99784,2.85,0.5,9.5,6.0
9.4,0.42,0.32,6.5,0.027,20.0,167.0,0.99479,3.08,0.43,10.6,5.0
6.0,0.14,0.17,5.6,0.036,37.0,127.0,0.99373,3.05,0.57,9.8,6.0
5.5,0.14,0.27,4.6,0.029,22.0,104.0,0.9949,3.34,0.44,9.0,5.0
6.8,0.32,0.23,3.3,0.026,31.0,99.0,0.9896,3.1,0.4,12.4,6.0
7.0,0.21,0.28,8.6,0.045,37.0,221.0,0.9954,3.25,0.54,10.4,6.0
5.8,0.32,0.23,1.5,0.033,39.0,121.0,0.9887,2.96,0.35,12.0,5.0
9.7,0.14,0.59,1.5,0.049,23.0,142.0,0.9958,2.98,0.62,9.5,5.0
7.0,0.24,0.18,1.3,0.046,9.0,62.0,0.994,3.38,0.47,10.1,4.0
6.8,0.3,0.35,2.8,0.038,10.0,164.0,0.9912,3.09,0.53,12.0,6.0
7.9,0.22,0.38,8.0,0.043,46.0,152.0,0.9934,3.12,0.32,11.5,7.0
7.9,0.12,0.49,5.2,0.049,33.0,152.0,0.9952,3.18,0.47,10.6,6.0
7.4,0.27,0.26,11.8,0.053,55.0,173.0,0.99699,3.11,0.6,9.8,5.0
6.1,0.2,0.25,1.2,0.038,34.0,128.0,0.9921,3.24,0.44,10.1,5.0
8.0,0.22,0.28,14.0,0.053,83.0,197.0,0.9981,3.14,0.45,9.8,6.0
6.7,0.19,0.39,1.0,0.032,14.0,71.0,0.98912,3.31,0.38,13.0,7.0
6.6,0.425,0.25,2.35,0.034,23.0,87.0,0.99082,3.05,0.41,11.4,6.0
7.0,0.24,0.24,1.8,0.047,29.0,91.0,0.99251,3.3,0.43,9.9,6.0
6.6,0.25,0.31,12.4,0.059,52.0,181.0,0.9984,3.51,0.47,9.8,6.0
6.6,0.31,0.07,1.5,0.033,55.0,144.0,0.99208,3.16,0.42,10.0,5.0
6.8,0.3,0.33,12.8,0.041,60.0,168.0,0.99659,3.1,0.56,9.8,5.0
7.1,0.43,0.25,2.8,0.036,43.0,132.0,0.98975,3.21,0.47,13.4,6.0
6.6,0.2,0.32,1.1,0.039,25.0,78.0,0.9926,3.39,0.54,10.2,7.0
7.9,0.29,0.31,7.35,0.034,37.0,154.0,0.9938,3.06,0.31,10.8,5.0
6.3,0.23,0.3,1.8,0.033,16.0,91.0,0.9906,3.28,0.4,11.8,6.0
7.8,0.42,0.23,8.8,0.054,42.0,215.0,0.9971,3.02,0.58,9.2,6.0
7.8,0.3,0.74,1.8,0.033,33.0,156.0,0.991,3.29,0.52,12.8,6.0
5.8,0.335,0.14,5.8,0.046,49.0,197.0,0.9937,3.3,0.71,10.3,5.0
7.4,0.18,0.36,13.1,0.056,72.0,163.0,1.0,3.42,0.35,9.1,6.0
5.7,0.26,0.25,10.4,0.02,7.0,57.0,0.994,3.39,0.37,10.6,5.0
7.4,0.33,0.26,15.6,0.049,67.0,210.0,0.99907,3.06,0.68,9.5,5.0
5.8,0.22,0.3,1.1,0.047,36.0,131.0,0.992,3.26,0.45,10.4,5.0
7.0,0.3,0.38,14.9,0.032,60.0,181.0,0.9983,3.18,0.61,9.3,7.0
7.3,0.25,0.26,7.2,0.048,52.0,207.0,0.99587,3.12,0.37,9.2,5.0
10.3,0.25,0.48,2.2,0.042,28.0,164.0,0.998,3.19,0.59,9.7,5.0
8.3,0.4,0.38,1.1,0.038,15.0,75.0,0.9934,3.03,0.43,9.2,5.0
7.1,0.18,0.32,12.2,0.048,36.0,125.0,0.9967,2.92,0.54,9.4,6.0
6.5,0.21,0.37,2.5,0.048,70.0,138.0,0.9917,3.33,0.75,11.4,7.0
6.2,0.23,0.36,17.2,0.039,37.0,130.0,0.99946,3.23,0.43,8.8,6.0
6.5,0.16,0.34,1.4,0.029,29.0,133.0,0.99108,3.33,0.64,11.5,7.0
6.2,0.25,0.54,7.0,0.046,58.0,176.0,0.99454,3.19,0.7,10.4,5.0
7.0,0.31,0.39,7.5,0.055,42.0,218.0,0.99652,3.37,0.54,10.3,5.0
6.5,0.18,0.26,1.4,0.041,40.0,141.0,0.9941,3.34,0.72,9.5,6.0
7.7,0.35,0.49,8.65,0.033,42.0,186.0,0.9931,3.14,0.38,12.4,8.0
6.4,0.36,0.2,5.7,0.118,61.0,172.0,0.9946,3.24,0.43,9.5,6.0
6.0,0.17,0.29,5.0,0.028,25.0,108.0,0.99076,3.14,0.34,12.3,6.0
6.0,0.31,0.38,4.8,0.04,41.0,101.0,0.98968,3.24,0.56,13.1,6.0
6.3,0.28,0.22,11.5,0.036,27.0,150.0,0.99445,3.0,0.33,10.6,6.0
6.0,0.34,0.29,6.1,0.046,29.0,134.0,0.99462,3.48,0.57,10.7,6.0
7.9,0.18,0.49,5.2,0.051,36.0,157.0,0.9953,3.18,0.48,10.6,6.0
6.5,0.26,0.43,8.9,0.083,50.0,171.0,0.9965,2.85,0.5,9.0,5.0
6.6,0.23,0.32,1.7,0.024,26.0,102.0,0.99084,3.29,0.6,11.8,6.0
6.6,0.33,0.4,2.65,0.041,35.0,86.0,0.98916,3.11,0.39,13.3,7.0
7.2,0.29,0.4,7.6,0.024,56.0,177.0,0.9928,3.04,0.32,11.5,6.0
5.9,0.19,0.21,1.7,0.045,57.0,135.0,0.99341,3.32,0.44,9.5,5.0
5.0,0.455,0.18,1.9,0.036,33.0,106.0,0.98746,3.21,0.83,14.0,7.0
7.0,0.13,0.37,12.85,0.042,36.0,105.0,0.99581,3.05,0.55,10.7,6.0
6.4,0.68,0.26,3.4,0.069,25.0,146.0,0.99347,3.18,0.4,9.3,5.0
5.7,0.33,0.15,1.9,0.05,20.0,93.0,0.9934,3.38,0.62,9.9,5.0
8.0,0.14,0.33,1.2,0.045,71.0,162.0,0.9914,3.07,0.47,11.0,6.0
6.2,0.16,0.47,1.4,0.029,23.0,81.0,0.99,3.26,0.42,12.2,6.0
5.8,0.34,0.21,7.2,0.041,48.0,146.0,0.99441,3.16,0.49,9.8,5.0
9.2,0.19,0.42,2.0,0.047,16.0,104.0,0.99517,3.09,0.66,10.0,4.0
6.1,0.27,0.31,3.9,0.034,42.0,137.0,0.99218,3.24,0.46,10.9,6.0
6.8,0.21,0.31,2.9,0.046,40.0,121.0,0.9913,3.07,0.65,10.9,7.0
5.2,0.25,0.23,1.4,0.047,20.0,77.0,0.99001,3.32,0.62,11.4,5.0
7.3,0.4,0.26,5.45,0.016,26.0,90.0,0.98951,2.84,0.54,13.2,7.0
7.0,0.18,0.49,5.3,0.04,34.0,125.0,0.9914,3.24,0.4,12.2,6.0
6.1,0.36,0.58,15.0,0.044,42.0,115.0,0.9978,3.15,0.51,9.0,5.0
7.3,0.19,0.68,1.5,0.05,31.0,156.0,0.9946,3.32,0.64,9.4,6.0
6.7,0.66,0.0,13.0,0.033,32.0,75.0,0.99551,3.15,0.5,10.7,6.0
7.3,0.34,0.3,1.3,0.057,25.0,173.0,0.9948,3.26,0.51,9.1,6.0
5.8,0.3,0.27,1.7,0.014,45.0,104.0,0.98914,3.4,0.56,12.6,7.0
5.0,0.3,0.33,3.7,0.03,54.0,173.0,0.9887,3.36,0.3,13.0,7.0
6.8,0.19,0.71,17.5,0.042,21.0,114.0,0.99784,2.85,0.5,9.5,6.0
7.1,0.18,0.26,1.3,0.041,20.0,71.0,0.9926,3.04,0.74,9.9,6.0
6.1,0.24,0.32,9.0,0.031,41.0,134.0,0.99234,3.25,0.26,12.3,7.0
7.5,0.23,0.36,7.0,0.036,43.0,161.0,0.9938,3.04,0.32,11.0,5.0
6.8,0.19,0.33,1.3,0.031,22.0,87.0,0.98987,3.08,0.62,12.3,7.0
6.9,0.19,0.49,6.6,0.036,49.0,172.0,0.9932,3.2,0.27,11.5,6.0
6.4,0.15,0.36,1.8,0.034,43.0,150.0,0.9922,3.42,0.69,11.0,8.0
6.0,0.16,0.22,1.6,0.042,36.0,106.0,0.9905,3.24,0.32,11.4,6.0
6.2,0.3,0.33,3.5,0.037,37.0,155.0,0.98987,3.18,0.37,12.4,6.0
6.2,0.66,0.48,1.2,0.029,29.0,75.0,0.9892,3.33,0.39,12.8,8.0
6.7,0.265,0.22,8.6,0.048,54.0,198.0,0.9955,3.25,0.41,10.2,5.0
8.2,0.22,0.49,9.6,0.037,53.0,154.0,0.9951,3.02,0.33,10.6,6.0
7.0,0.16,0.36,2.6,0.029,28.0,98.0,0.99126,3.11,0.37,11.2,7.0
8.0,0.2,0.36,1.2,0.032,21.0,78.0,0.9921,3.08,0.37,10.4,6.0
7.2,0.21,0.36,15.7,0.045,68.0,183.0,0.99922,3.25,0.76,9.4,5.0
6.5,0.315,0.2,6.6,0.041,9.0,126.0,0.99494,2.94,0.51,8.8,5.0
6.3,0.27,0.37,7.9,0.047,58.0,215.0,0.99542,3.19,0.48,9.5,6.0
6.3,0.23,0.21,5.1,0.035,29.0,142.0,0.9942,3.36,0.33,10.1,7.0
6.0,0.37,0.32,1.0,0.053,31.0,218.5,0.9924,3.29,0.72,9.8,6.0
7.4,0.2,0.35,6.1,0.025,10.0,40.0,0.99244,2.79,0.52,10.9,5.0
7.8,0.18,0.46,13.6,0.052,38.0,118.0,0.998,3.15,0.5,10.0,6.0
6.4,0.25,0.74,7.8,0.045,52.0,209.0,0.9956,3.21,0.42,9.2,6.0
7.5,0.24,0.31,13.1,0.05,26.0,180.0,0.99884,3.05,0.53,9.1,6.0
6.9,0.38,0.29,13.65,0.048,52.0,189.0,0.99784,3.0,0.6,9.5,6.0
9.2,0.27,0.34,10.5,0.043,49.0,228.0,0.9974,3.04,0.41,10.4,6.0
5.7,0.36,0.34,4.2,0.026,21.0,77.0,0.9907,3.41,0.45,11.9,6.0
6.7,0.24,0.3,3.85,0.042,105.0,179.0,0.99189,3.04,0.59,11.3,8.0
7.7,0.49,1.0,19.6,0.03,28.0,135.0,0.9973,3.24,0.4,12.0,6.0
6.8,0.24,0.38,8.3,0.045,50.0,185.0,0.99578,3.15,0.5,9.5,6.0
7.7,0.27,0.61,12.0,0.046,64.0,179.0,0.9982,3.07,0.46,8.9,5.0
6.6,0.36,0.21,1.5,0.049,39.0,184.0,0.9928,3.18,0.41,9.9,6.0
7.5,0.24,0.29,1.1,0.046,34.0,84.0,0.9902,3.04,0.39,11.45,6.0
6.5,0.43,0.18,13.15,0.032,25.0,131.0,0.99565,3.23,0.51,10.7,5.0
6.1,0.31,0.34,2.8,0.042,59.5,162.0,0.99179,3.27,0.47,10.8,6.0
6.3,0.34,0.36,4.9,0.035,31.0,185.0,0.9946,3.15,0.49,9.7,5.0
6.0,0.38,0.26,3.5,0.035,38.0,111.0,0.98872,3.18,0.47,13.6,7.0
8.7,0.23,0.32,13.4,0.044,35.0,169.0,0.99975,3.12,0.47,8.8,7.0
7.2,0.19,0.27,11.2,0.061,46.0,149.0,0.99772,2.99,0.59,9.3,6.0
8.0,0.45,0.28,10.8,0.051,25.0,157.0,0.9957,3.06,0.47,11.4,7.0
6.1,0.27,0.32,6.2,0.048,47.0,161.0,0.99281,3.22,0.6,11.0,6.0
7.1,0.18,0.42,1.4,0.045,47.0,157.0,0.9916,2.95,0.31,10.5,6.0
6.5,0.25,0.35,12.0,0.055,47.0,179.0,0.998,3.58,0.47,10.0,5.0
7.3,0.22,0.37,14.3,0.063,48.0,191.0,0.9978,2.89,0.38,9.0,6.0
6.5,0.19,0.1,1.3,0.046,23.0,107.0,0.9937,3.29,0.45,10.0,5.0
6.0,0.27,0.27,1.6,0.046,32.0,113.0,0.9924,3.41,0.51,10.5,7.0
5.8,0.32,0.38,4.75,0.033,23.0,94.0,0.991,3.42,0.42,11.8,7.0
7.1,0.12,0.3,3.1,0.018,15.0,37.0,0.99004,3.02,0.52,11.9,7.0
6.8,0.51,0.3,4.2,0.066,38.0,165.0,0.9945,3.2,0.42,9.1,5.0
6.4,0.34,0.2,14.9,0.06,37.0,162.0,0.9983,3.13,0.45,9.0,4.0
6.4,0.21,0.3,5.6,0.044,43.0,160.0,0.9949,3.6,0.41,10.6,6.0
6.8,0.22,0.24,4.9,0.092,30.0,123.0,0.9951,3.03,0.46,8.6,6.0
9.0,0.22,0.49,10.4,0.048,52.0,195.0,0.9987,3.31,0.44,10.2,6.0
7.0,0.19,0.23,5.7,0.123,27.0,104.0,0.9954,3.04,0.54,9.4,6.0
6.7,0.21,0.36,8.55,0.02,20.0,86.0,0.99146,3.19,0.22,13.4,7.0
6.9,0.25,0.27,9.05,0.039,37.0,128.0,0.9936,3.27,0.34,11.3,8.0
6.7,0.22,0.37,1.6,0.028,24.0,102.0,0.9913,3.29,0.59,11.6,7.0
6.7,0.3,0.74,5.0,0.038,35.0,157.0,0.9945,3.21,0.46,9.9,5.0
7.2,0.47,0.16,5.9,0.048,14.0,125.0,0.99428,3.09,0.49,9.8,5.0
6.2,0.3,0.31,1.6,0.035,40.0,106.0,0.98914,3.26,0.39,12.9,7.0
7.9,0.19,0.45,1.5,0.045,17.0,96.0,0.9917,3.13,0.39,11.0,6.0
4.5,0.19,0.21,0.95,0.033,89.0,159.0,0.99332,3.34,0.42,8.0,5.0
8.4,0.2,0.38,11.8,0.055,51.0,170.0,1.0004,3.34,0.82,8.9,6.0
8.9,0.3,0.35,4.6,0.032,32.0,148.0,0.99458,3.15,0.45,11.5,7.0
8.3,0.22,0.38,14.8,0.054,32.0,126.0,1.0002,3.22,0.5,9.7,5.0
6.7,0.41,0.24,5.4,0.035,33.0,115.0,0.9901,3.12,0.44,12.8933333333333,7.0
7.0,0.3,0.28,2.2,0.042,21.0,177.0,0.99166,3.2,0.57,11.4,5.0
6.2,0.25,0.54,7.0,0.046,58.0,176.0,0.99454,3.19,0.7,10.4,5.0
6.2,0.26,0.2,8.0,0.047,35.0,111.0,0.99445,3.11,0.42,10.4,6.0
6.9,0.15,0.28,4.4,0.029,14.0,107.0,0.99347,3.24,0.46,10.4,8.0
7.1,0.18,0.74,15.6,0.044,44.0,176.0,0.9996,3.38,0.67,9.0,6.0
4.8,0.29,0.23,1.1,0.044,38.0,180.0,0.98924,3.28,0.34,11.9,6.0
6.6,0.28,0.41,7.0,0.046,59.0,194.0,0.99558,3.14,0.48,9.4,5.0
5.6,0.295,0.26,1.1,0.035,40.0,102.0,0.99154,3.47,0.56,10.6,6.0
9.6,0.23,0.4,1.5,0.044,19.0,135.0,0.9937,2.96,0.49,10.9,5.0
8.3,0.36,0.57,15.0,0.052,35.0,256.0,1.0001,2.93,0.64,8.6,5.0
8.1,0.28,0.4,6.9,0.05,30.0,97.0,0.9951,3.26,0.44,10.1,6.0
6.3,0.48,0.04,1.1,0.046,30.0,99.0,0.9928,3.24,0.36,9.6,6.0
6.7,0.37,0.41,6.3,0.061,22.0,149.0,0.9953,3.16,0.47,9.6,6.0
7.5,0.24,0.31,13.1,0.05,26.0,180.0,0.99884,3.05,0.53,9.1,6.0
6.6,0.3,0.25,8.0,0.036,21.0,124.0,0.99362,3.06,0.38,10.8,6.0
7.1,0.28,0.35,3.5,0.028,35.0,91.0,0.99022,2.96,0.33,12.1,5.0
5.7,0.22,0.22,16.65,0.044,39.0,110.0,0.99855,3.24,0.48,9.0,6.0
6.6,0.22,0.23,17.3,0.047,37.0,118.0,0.99906,3.08,0.46,8.8,6.0
6.8,0.27,0.28,13.3,0.076,50.0,163.0,0.9979,3.03,0.38,8.6,6.0
8.9,0.3,0.35,4.6,0.032,32.0,148.0,0.99458,3.15,0.45,11.5,7.0
6.5,0.32,0.45,7.7,0.022,31.0,97.0,0.99134,3.2,0.7,12.7,7.0
6.5,0.34,0.36,11.0,0.052,53.0,247.0,0.9984,3.44,0.55,9.3,6.0
5.9,0.65,0.23,5.0,0.035,20.0,128.0,0.99016,3.46,0.48,12.8,6.0
6.5,0.18,0.41,14.2,0.039,47.0,129.0,0.99678,3.28,0.72,10.3,7.0
6.7,0.64,0.3,1.2,0.03,18.0,76.0,0.9892,3.16,0.6,12.9,4.0
7.3,0.24,0.34,7.5,0.048,29.0,152.0,0.9962,3.1,0.54,9.0,5.0
7.8,0.28,0.31,2.1,0.046,28.0,208.0,0.99434,3.23,0.64,9.8,5.0
5.2,0.34,0.37,6.2,0.031,42.0,133.0,0.99076,3.25,0.41,12.5,6.0
6.5,0.19,0.26,5.2,0.04,31.0,140.0,0.995,3.26,0.68,9.5,6.0
6.5,0.34,0.46,1.0,0.023,6.0,80.0,0.98865,3.15,0.54,12.9,6.0
6.4,0.25,0.32,0.9,0.034,40.0,114.0,0.99114,3.31,0.58,10.8,7.0
6.5,0.26,0.28,12.5,0.046,80.0,225.0,0.99685,3.18,0.41,10.0,6.0
7.8,0.3,0.29,16.85,0.054,23.0,135.0,0.9998,3.16,0.38,9.0,6.0
5.7,0.18,0.26,2.2,0.023,21.0,95.0,0.9893,3.07,0.54,12.3,6.0
7.1,0.2,0.34,16.0,0.05,51.0,166.0,0.9985,3.21,0.6,9.2,6.0
5.1,0.35,0.26,6.8,0.034,36.0,120.0,0.99188,3.38,0.4,11.5,6.0
5.9,0.415,0.13,1.4,0.04,11.0,64.0,0.9922,3.29,0.52,10.5,5.0
7.4,0.33,0.26,15.6,0.049,67.0,210.0,0.99907,3.06,0.68,9.5,5.0
6.5,0.17,0.31,1.5,0.041,34.0,121.0,0.99092,3.06,0.46,10.5,6.0
6.8,0.45,0.36,5.0,0.033,28.0,156.0,0.991,3.11,0.4,12.4,7.0
7.2,0.2,0.61,16.2,0.043,14.0,103.0,0.9987,3.06,0.36,9.2,6.0
7.9,0.46,0.32,4.1,0.033,40.0,138.0,0.9912,3.18,0.44,12.8,7.0
6.9,0.19,0.35,13.5,0.038,49.0,118.0,0.99546,3.0,0.63,10.7,6.0
7.4,0.16,0.3,13.7,0.056,33.0,168.0,0.99825,2.9,0.44,8.7,7.0
6.6,0.33,0.24,16.05,0.045,31.0,147.0,0.99822,3.08,0.52,9.2,5.0
7.4,0.2,0.37,16.95,0.048,43.0,190.0,0.9995,3.03,0.42,9.2,6.0
6.7,0.26,0.51,8.0,0.062,50.0,194.0,0.99545,3.13,0.5,9.6,5.0
7.0,0.15,0.34,1.4,0.039,21.0,177.0,0.9927,3.32,0.62,10.8,5.0
4.2,0.17,0.36,1.8,0.029,93.0,161.0,0.98999,3.65,0.89,12.0,7.0
6.7,0.34,0.3,15.6,0.054,51.0,196.0,0.9982,3.19,0.49,9.3,5.0
7.0,0.15,0.28,14.7,0.051,29.0,149.0,0.99792,2.96,0.39,9.0,7.0
8.2,0.17,0.32,1.5,0.05,17.0,101.0,0.994,3.14,0.58,9.5,5.0
7.0,0.28,0.33,14.6,0.043,47.0,168.0,0.9994,3.34,0.67,8.8,6.0
7.4,0.3,0.22,1.4,0.046,16.0,135.0,0.9928,3.08,0.77,10.4,7.0
7.3,0.34,0.39,5.2,0.04,45.0,163.0,0.9925,3.3,0.47,12.4,6.0
6.3,0.22,0.3,2.0,0.05,23.0,120.0,0.99204,3.24,0.47,10.4,6.0
7.1,0.25,0.28,1.6,0.052,46.0,169.0,0.9926,3.05,0.41,10.5,5.0
5.4,0.27,0.22,4.6,0.022,29.0,107.0,0.98889,3.33,0.54,13.8,6.0
7.1,0.17,0.38,7.4,0.052,49.0,182.0,0.9958,3.35,0.52,9.6,6.0
8.3,0.33,0.42,1.15,0.033,18.0,96.0,0.9911,3.2,0.32,12.4,3.0
6.6,0.17,0.36,1.9,0.036,38.0,110.0,0.99056,3.05,0.54,11.4,6.0
7.0,0.36,0.32,10.5,0.045,35.0,135.0,0.9935,3.09,0.33,11.6,8.0
7.4,0.19,0.31,14.5,0.045,39.0,193.0,0.9986,3.1,0.5,9.2,6.0
5.4,0.5,0.13,5.0,0.028,12.0,107.0,0.99079,3.48,0.88,13.5,7.0
6.4,0.31,0.28,2.5,0.039,34.0,137.0,0.98946,3.22,0.38,12.7,6.0
7.4,0.29,0.25,3.8,0.044,30.0,114.0,0.992,3.11,0.4,11.0,6.0
6.4,0.35,0.28,1.6,0.037,31.0,113.0,0.98779,3.12,0.4,14.2,7.0
7.6,0.22,0.34,9.7,0.035,26.0,143.0,0.9965,3.08,0.49,9.8,6.0
6.9,0.22,0.32,5.8,0.041,20.0,119.0,0.99296,3.17,0.55,11.2,6.0
5.4,0.59,0.07,7.0,0.045,36.0,147.0,0.9944,3.34,0.57,9.7,6.0
5.8,0.18,0.37,1.1,0.036,31.0,96.0,0.98942,3.16,0.48,12.0,6.0
6.6,0.22,0.37,1.2,0.059,45.0,199.0,0.993,3.37,0.55,10.3,7.0
7.7,0.39,0.34,10.0,0.056,35.0,178.0,0.9974,3.26,0.6,10.2,5.0
6.5,0.29,0.32,3.0,0.036,38.0,93.0,0.9906,3.16,0.59,12.0,6.0
6.9,0.21,0.28,2.4,0.056,49.0,159.0,0.9944,3.02,0.47,8.8,8.0
7.2,0.115,0.3,6.8,0.056,26.0,105.0,0.9954,3.44,0.4,9.6,6.0
8.4,0.17,0.31,5.4,0.052,47.0,150.0,0.9953,3.24,0.38,9.8,5.0
6.1,0.28,0.22,1.8,0.034,32.0,116.0,0.9898,3.36,0.44,12.6,6.0
6.8,0.18,0.38,1.4,0.038,35.0,111.0,0.9918,3.32,0.59,11.2,7.0
6.9,0.31,0.34,7.4,0.059,36.0,174.0,0.9963,3.46,0.62,11.1,7.0
6.2,0.3,0.17,2.8,0.04,24.0,125.0,0.9939,3.01,0.46,9.0,5.0
7.5,0.21,0.68,10.9,0.045,38.0,133.0,0.9978,3.0,0.36,8.7,5.0
6.6,0.22,0.37,1.6,0.04,31.0,101.0,0.99009,3.15,0.66,12.0,5.0
8.0,0.33,0.32,4.6,0.041,31.0,180.0,0.99184,2.92,0.74,12.2,6.0
7.4,0.32,0.27,12.9,0.04,60.0,221.0,0.99831,3.05,0.66,9.4,5.0
7.6,0.31,0.24,1.8,0.037,39.0,150.0,0.9913,3.05,0.44,11.8,7.0
5.4,0.375,0.4,3.3,0.054,29.0,147.0,0.99482,3.42,0.52,9.1,5.0
4.9,0.47,0.17,1.9,0.035,60.0,148.0,0.98964,3.27,0.35,11.5,6.0
7.1,0.33,0.25,1.6,0.03,25.0,126.0,0.9901,3.22,0.34,12.1,7.0
7.0,0.19,0.23,5.7,0.123,27.0,104.0,0.9954,3.04,0.54,9.4,6.0
7.0,0.24,0.26,1.7,0.041,31.0,110.0,0.99142,3.2,0.53,11.0,6.0
6.6,0.32,0.34,7.7,0.044,63.0,212.0,0.99526,3.22,0.48,9.7,6.0
6.7,0.18,0.28,10.2,0.039,29.0,115.0,0.99469,3.11,0.45,10.9,7.0
7.3,0.2,0.37,1.2,0.037,48.0,119.0,0.992,3.32,0.49,10.9,6.0
6.9,0.38,0.29,13.65,0.048,52.0,189.0,0.99784,3.0,0.6,9.5,6.0
6.5,0.24,0.38,1.0,0.027,31.0,90.0,0.98926,3.24,0.36,12.3,6.0
7.1,0.2,0.31,6.85,0.053,32.0,211.0,0.99587,3.31,0.59,10.4,6.0
6.3,0.39,0.22,2.8,0.048,53.0,173.0,0.99304,3.24,0.45,9.8,5.0
7.0,0.55,0.05,8.0,0.036,19.0,164.0,0.99269,3.26,0.46,12.2,6.0
6.2,0.33,0.27,4.9,0.036,30.0,134.0,0.9927,3.2,0.42,10.4,7.0
6.9,0.54,0.26,12.7,0.049,59.0,195.0,0.99596,3.26,0.54,10.5,6.0
7.6,0.23,0.26,15.3,0.067,32.0,166.0,0.9986,3.03,0.44,9.2,4.0
8.4,0.2,0.38,11.8,0.055,51.0,170.0,1.0004,3.34,0.82,8.9,6.0
5.1,0.29,0.28,8.3,0.026,27.0,107.0,0.99308,3.36,0.37,11.0,6.0
6.5,0.15,0.44,12.6,0.052,65.0,158.0,0.99688,3.26,0.7,10.3,7.0
5.8,0.555,0.26,4.5,0.053,17.0,126.0,0.9943,3.24,0.46,9.1,5.0
6.4,0.105,0.29,1.1,0.035,44.0,140.0,0.99142,3.17,0.55,10.7,7.0
7.2,0.27,0.28,15.2,0.046,6.0,41.0,0.99665,3.17,0.39,10.9,6.0
6.6,0.32,0.47,15.6,0.063,27.0,173.0,0.99872,3.18,0.56,9.0,5.0
7.6,0.3,0.38,2.1,0.043,10.0,98.0,0.99296,3.17,0.65,11.0,5.0
5.7,0.39,0.25,4.9,0.033,49.0,113.0,0.98966,3.26,0.58,13.1,7.0
6.1,0.36,0.41,19.35,0.07,67.0,207.0,1.00118,3.39,0.53,9.1,5.0
4.9,0.33,0.31,1.2,0.016,39.0,150.0,0.98713,3.33,0.59,14.0,8.0
5.9,0.37,0.3,1.5,0.033,35.0,95.0,0.98986,3.36,0.56,12.0,7.0
7.2,0.16,0.49,1.3,0.037,27.0,104.0,0.9924,3.23,0.57,10.6,6.0
5.7,0.27,0.16,9.0,0.053,32.0,111.0,0.99474,3.36,0.37,10.4,6.0
5.7,0.22,0.22,16.65,0.044,39.0,110.0,0.99855,3.24,0.48,9.0,6.0
7.1,0.39,0.79,1.4,0.194,23.0,90.0,0.99212,3.17,0.46,10.5,6.0
7.7,0.18,0.35,5.8,0.055,25.0,144.0,0.99576,3.24,0.54,10.2,6.0
8.0,0.2,0.44,1.0,0.057,24.0,111.0,0.99158,3.09,0.32,11.2,6.0
5.6,0.12,0.33,2.9,0.044,21.0,73.0,0.98896,3.17,0.32,12.9,8.0
7.4,0.37,0.35,5.7,0.061,12.0,94.0,0.9965,3.48,0.69,10.7,6.0
5.8,0.29,0.05,0.8,0.038,11.0,30.0,0.9924,3.36,0.35,9.2,5.0
7.4,0.44,0.2,11.5,0.049,44.0,157.0,0.998,3.27,0.44,9.0,5.0
7.1,0.32,0.4,1.5,0.034,13.0,84.0,0.9944,3.42,0.6,10.4,5.0
6.2,0.21,0.28,5.7,0.028,45.0,121.0,0.99168,3.21,1.08,12.15,7.0
5.3,0.36,0.27,6.3,0.028,40.0,132.0,0.99186,3.37,0.4,11.6,6.0
7.8,0.25,0.28,7.2,0.04,46.0,179.0,0.99541,3.14,0.6,10.1,6.0
6.4,0.29,0.21,9.65,0.041,36.0,119.0,0.99334,2.99,0.34,10.9333333333333,6.0
7.1,0.2,0.41,2.1,0.054,24.0,166.0,0.9948,3.48,0.62,10.5,6.0
7.6,0.2,0.68,12.9,0.042,56.0,160.0,0.99841,3.05,0.41,8.7,5.0
9.2,0.28,0.46,3.2,0.058,39.0,133.0,0.996,3.14,0.58,9.5,5.0
7.3,0.28,0.37,1.2,0.039,26.0,99.0,0.99198,3.01,0.62,10.8,5.0
9.8,0.31,0.49,15.4,0.046,13.0,119.0,1.0004,3.18,0.45,9.5,5.0
7.2,0.37,0.15,2.0,0.029,27.0,87.0,0.9903,3.3,0.59,12.6,7.0
6.9,0.32,0.26,8.3,0.053,32.0,180.0,0.9965,3.25,0.51,9.2,6.0
8.4,0.2,0.27,6.3,0.048,30.0,143.0,0.9966,3.25,0.5,9.1,6.0
6.8,0.26,0.46,8.3,0.037,49.0,173.0,0.99601,3.17,0.47,9.3,5.0
7.1,0.25,0.31,2.3,0.05,32.0,156.0,0.9914,3.14,0.51,11.4,6.0
6.0,0.32,0.3,7.3,0.174,46.0,159.0,0.99519,3.18,0.49,9.4,5.0
7.1,0.3,0.46,1.5,0.066,29.0,133.0,0.9906,3.12,0.54,12.7,6.0
6.0,0.28,0.35,1.9,0.037,16.0,120.0,0.9933,3.16,0.69,10.6,5.0
6.8,0.37,0.67,1.5,0.175,16.0,98.0,0.99244,3.06,0.56,10.3,6.0
6.6,0.325,0.49,7.7,0.049,53.0,217.0,0.996,3.16,0.4,9.3,5.0
5.9,0.34,0.3,3.8,0.035,57.0,135.0,0.99016,3.09,0.34,12.0,6.0
6.9,0.21,0.24,1.8,0.021,17.0,80.0,0.98992,3.15,0.46,12.3,7.0
6.6,0.42,0.13,12.8,0.044,26.0,158.0,0.99772,3.24,0.47,9.0,5.0
7.1,0.15,0.34,5.3,0.034,33.0,104.0,0.9953,3.37,0.52,9.3,7.0
6.4,0.32,0.26,7.9,0.05,53.0,180.0,0.99514,3.14,0.5,9.6,5.0
7.0,0.2,0.4,1.1,0.058,30.0,93.0,0.99322,3.03,0.38,9.2,6.0
6.2,0.2,0.31,1.0,0.031,22.0,73.0,0.99035,3.24,0.52,11.3,6.0
6.6,0.34,0.4,8.1,0.046,68.0,170.0,0.99494,3.15,0.5,9.55,6.0
5.4,0.22,0.35,6.5,0.029,26.0,87.0,0.99092,3.29,0.44,12.5,7.0
5.6,0.255,0.57,10.7,0.056,66.0,171.0,0.99464,3.25,0.61,10.4,7.0
7.7,0.25,0.49,2.5,0.047,31.0,169.0,0.99252,3.07,0.57,10.6,6.0
6.4,0.32,0.25,5.0,0.055,28.0,138.0,0.99171,3.27,0.5,12.4,8.0
5.8,0.36,0.26,3.3,0.038,40.0,153.0,0.9911,3.34,0.55,11.3,6.0
7.3,0.25,0.36,13.1,0.05,35.0,200.0,0.9986,3.04,0.46,8.9,7.0
7.3,0.24,0.39,3.6,0.024,35.0,116.0,0.9928,3.17,0.51,10.9,5.0
7.0,0.4,0.25,1.8,0.05,51.0,189.0,0.99174,3.0,0.55,11.4,6.0
7.1,0.28,0.31,1.5,0.053,20.0,98.0,0.99069,3.15,0.5,11.4,5.0
6.9,0.36,0.34,4.2,0.018,57.0,119.0,0.9898,3.28,0.36,12.7,9.0
6.8,0.16,0.18,1.8,0.046,31.0,114.0,0.99226,3.27,0.55,10.8,6.0
6.7,0.27,0.12,1.3,0.041,62.0,138.0,0.9921,3.21,0.42,10.0,6.0
5.7,0.28,0.36,1.8,0.041,38.0,90.0,0.99002,3.27,0.98,11.9,7.0
6.6,0.17,0.26,7.4,0.052,45.0,128.0,0.99388,3.16,0.37,10.0,6.0
6.5,0.19,0.32,1.4,0.04,31.0,132.0,0.9922,3.36,0.54,10.8,7.0
7.3,0.155,0.49,1.3,0.039,34.0,136.0,0.9926,3.14,0.77,10.5,6.0
5.7,0.255,0.65,1.2,0.079,17.0,137.0,0.99307,3.2,0.42,9.4,5.0
6.2,0.15,0.27,1.4,0.041,51.0,117.0,0.9909,3.28,0.38,11.2,6.0
6.5,0.34,0.28,1.8,0.041,43.0,188.0,0.9928,3.13,0.37,9.6,6.0
6.8,0.31,0.19,3.5,0.086,30.0,130.0,0.993,2.83,0.44,9.6,5.0
6.4,0.32,0.23,16.2,0.055,36.0,176.0,0.9986,3.26,0.54,9.1,5.0
6.5,0.43,0.28,11.25,0.032,31.0,87.0,0.9922,3.02,0.38,12.4,6.0
8.2,0.2,0.49,3.5,0.057,14.0,108.0,0.9928,3.19,0.35,11.5,6.0
7.2,0.23,0.39,14.2,0.058,49.0,192.0,0.9979,2.98,0.48,9.0,7.0
6.3,0.21,0.28,1.5,0.051,46.0,142.0,0.9928,3.23,0.42,10.1,6.0
7.2,0.22,0.28,7.2,0.06,41.0,132.0,0.9935,3.08,0.59,11.3,6.0
5.7,0.15,0.28,3.7,0.045,57.0,151.0,0.9913,3.22,0.27,11.2,6.0
6.4,0.28,0.29,1.6,0.052,34.0,127.0,0.9929,3.48,0.56,10.5,7.0
7.0,0.24,0.36,2.8,0.034,22.0,112.0,0.99,3.19,0.38,12.6,8.0
5.7,0.46,0.46,1.4,0.04,31.0,169.0,0.9932,3.13,0.47,8.8,5.0
5.9,0.24,0.3,2.0,0.033,28.0,92.0,0.99225,3.39,0.69,10.9,7.0
6.6,0.36,0.52,11.3,0.046,8.0,110.0,0.9966,3.07,0.46,9.4,5.0
7.5,0.41,0.23,14.8,0.054,28.0,174.0,0.99898,3.18,0.49,9.7,5.0
6.7,0.42,0.39,12.1,0.04,61.0,248.0,0.99794,3.31,0.58,9.7,5.0
5.0,0.33,0.18,4.6,0.032,40.0,124.0,0.99114,3.18,0.4,11.0,6.0
8.4,0.28,0.4,8.9,0.048,33.0,146.0,0.9988,3.4,0.46,9.3,5.0
6.8,0.26,0.4,7.5,0.046,45.0,179.0,0.99583,3.2,0.49,9.3,5.0
5.3,0.32,0.12,6.6,0.043,22.0,141.0,0.9937,3.36,0.6,10.4,6.0
7.9,0.21,0.39,2.0,0.057,21.0,138.0,0.99176,3.05,0.52,10.9,5.0
7.3,0.19,0.27,13.9,0.057,45.0,155.0,0.99807,2.94,0.41,8.8,8.0
7.6,0.18,0.46,10.2,0.055,58.0,135.0,0.9968,3.14,0.43,9.9,6.0
7.0,0.24,0.34,1.4,0.031,27.0,107.0,0.99,3.06,0.39,11.9,6.0
7.0,0.14,0.28,1.3,0.026,10.0,56.0,0.99352,3.46,0.45,9.9,5.0
5.6,0.185,0.19,7.1,0.048,36.0,110.0,0.99438,3.26,0.41,9.5,6.0
7.2,0.23,0.19,13.7,0.052,47.0,197.0,0.99865,3.12,0.53,9.0,5.0
6.0,0.29,0.41,10.8,0.048,55.0,149.0,0.9937,3.09,0.59,10.9666666666667,7.0
6.2,0.43,0.49,6.4,0.045,12.0,115.0,0.9963,3.27,0.57,9.0,4.0
7.8,0.43,0.49,13.0,0.033,37.0,158.0,0.9955,3.14,0.35,11.3,6.0
6.4,0.24,0.25,20.2,0.083,35.0,157.0,0.99976,3.17,0.5,9.1,5.0
6.9,0.18,0.36,1.3,0.036,40.0,117.0,0.9934,3.27,0.95,9.5,7.0
7.4,0.38,0.34,8.3,0.052,44.0,168.0,0.99627,3.11,0.52,9.2,5.0
6.1,0.3,0.47,1.4,0.049,50.0,187.0,0.9927,3.19,0.45,9.5,5.0
6.5,0.43,0.28,12.0,0.056,23.0,174.0,0.9986,3.31,0.55,9.3,5.0
6.4,0.34,0.44,8.2,0.043,54.0,201.0,0.99551,3.18,0.48,9.5,5.0
5.7,0.21,0.24,2.3,0.047,60.0,189.0,0.995,3.65,0.72,10.1,6.0
6.4,0.44,0.44,14.4,0.048,29.0,228.0,0.99955,3.26,0.54,8.8,7.0
7.3,0.3,0.74,13.5,0.039,46.0,165.0,0.9982,3.02,0.4,8.7,5.0
6.5,0.22,0.25,17.1,0.05,44.0,138.0,1.0001,3.3,0.37,8.8,5.0
6.0,0.26,0.26,2.2,0.035,10.0,72.0,0.989465,3.11,0.48,12.15,6.0
6.7,0.31,0.08,1.3,0.038,58.0,147.0,0.9922,3.18,0.46,10.0,5.0
6.7,0.15,0.29,5.0,0.058,28.0,105.0,0.9946,3.52,0.44,10.2,7.0
8.2,0.34,0.49,8.0,0.046,55.0,223.0,0.996,3.08,0.52,10.7,6.0
7.0,0.35,0.31,1.8,0.069,15.0,162.0,0.9944,3.18,0.47,9.4,5.0
6.15,0.21,0.37,3.2,0.021,20.0,80.0,0.99076,3.39,0.47,12.0,5.0
6.9,0.28,0.33,1.2,0.039,16.0,98.0,0.9904,3.07,0.39,11.7,6.0
6.9,0.2,0.34,1.9,0.043,25.0,136.0,0.9935,3.31,0.6,10.1,4.0
5.0,0.31,0.0,6.4,0.046,43.0,166.0,0.994,3.3,0.63,9.9,6.0
6.9,0.37,0.23,9.5,0.057,54.0,166.0,0.99568,3.23,0.42,10.0,5.0
9.4,0.26,0.53,1.2,0.047,25.0,109.0,0.9921,3.23,0.28,12.5,6.0
6.8,0.25,0.27,10.7,0.076,47.0,154.0,0.9967,3.05,0.38,9.0,5.0
6.6,0.3,0.25,8.0,0.036,21.0,124.0,0.99362,3.06,0.38,10.8,6.0
7.1,0.26,0.32,5.9,0.037,39.0,97.0,0.9934,3.31,0.4,11.6,6.0
5.0,0.29,0.54,5.7,0.035,54.0,155.0,0.98976,3.27,0.34,12.9,8.0
5.9,0.17,0.3,1.4,0.042,25.0,119.0,0.9931,3.68,0.72,10.5,6.0
7.6,0.2,0.3,14.2,0.056,53.0,212.5,0.999,3.14,0.46,8.9,8.0
8.4,0.27,0.46,8.7,0.048,39.0,197.0,0.9974,3.14,0.59,9.6,6.0
6.4,0.33,0.24,9.8,0.041,29.0,109.0,0.9956,3.29,0.47,10.1,6.0
7.5,0.38,0.33,5.0,0.045,30.0,131.0,0.9942,3.32,0.44,10.9,6.0
9.3,0.2,0.33,1.7,0.05,28.0,178.0,0.9954,3.16,0.43,9.0,4.0
7.6,0.47,0.49,13.0,0.239,42.0,220.0,0.9988,2.96,0.51,9.2,5.0
8.7,0.23,0.32,13.4,0.044,35.0,169.0,0.99975,3.12,0.47,8.8,7.0
6.0,0.32,0.33,9.9,0.032,22.0,90.0,0.99258,3.1,0.43,12.1,7.0
6.1,0.21,0.19,1.4,0.046,51.0,131.0,0.99184,3.22,0.39,10.5,5.0
5.2,0.365,0.08,13.5,0.041,37.0,142.0,0.997,3.46,0.39,9.9,6.0
6.8,0.22,0.37,15.2,0.051,68.0,178.0,0.99935,3.4,0.85,9.3,6.0
8.1,0.22,0.43,1.5,0.044,28.0,129.0,0.9938,3.22,0.45,11.0,6.0
7.2,0.24,0.34,1.1,0.045,3.0,64.0,0.9913,3.23,0.51,11.4,5.0
6.2,0.34,0.28,7.5,0.034,40.0,197.0,0.99485,3.14,0.6,9.7,5.0
7.9,0.345,0.51,15.3,0.047,54.0,171.0,0.9987,3.09,0.51,9.1,5.0
5.9,0.17,0.29,3.1,0.03,32.0,123.0,0.98913,3.41,0.33,13.7,7.0
6.0,0.18,0.27,1.5,0.089,40.0,143.0,0.9923,3.49,0.62,10.8,6.0
6.2,0.25,0.38,7.9,0.045,54.0,208.0,0.99572,3.17,0.46,9.1,5.0
7.0,0.27,0.36,20.7,0.045,45.0,170.0,1.001,3.0,0.45,8.8,6.0
6.8,0.28,0.34,7.5,0.035,34.0,177.0,0.99692,3.33,0.43,9.1,5.0
6.0,0.28,0.52,6.2,0.028,37.0,104.0,0.99161,3.28,0.51,11.8,7.0
6.6,0.33,0.41,2.0,0.027,14.0,79.0,0.99063,3.27,0.63,12.4,6.0
7.3,0.27,0.37,9.7,0.042,36.0,130.0,0.9979,3.48,0.75,9.9,6.0
7.4,0.25,0.28,7.25,0.028,14.0,78.0,0.99238,2.94,0.37,11.5,7.0
5.8,0.13,0.22,12.7,0.058,24.0,183.0,0.9956,3.32,0.42,11.7,6.0
6.8,0.32,0.43,1.6,0.05,4.0,65.0,0.99346,3.27,0.47,10.7,5.0
6.9,0.25,0.24,1.8,0.053,6.0,121.0,0.993,3.23,0.7,11.4,5.0
6.7,0.3,0.49,4.8,0.034,36.0,158.0,0.9945,3.12,0.45,9.9,6.0
7.2,0.24,0.3,1.2,0.037,11.0,95.0,0.98914,2.96,0.36,12.5,6.0
7.1,0.28,0.28,8.5,0.03,25.0,191.0,0.99338,3.16,0.46,12.2,7.0
6.3,0.41,0.16,0.9,0.032,25.0,98.0,0.99274,3.16,0.42,9.5,5.0
6.5,0.28,0.35,9.8,0.067,61.0,180.0,0.9972,3.15,0.57,9.0,4.0
6.4,0.24,0.32,14.9,0.047,54.0,162.0,0.9968,3.28,0.5,10.2,6.0
4.8,0.34,0.0,6.5,0.028,33.0,163.0,0.9939,3.36,0.61,9.9,6.0
6.5,0.28,0.29,2.7,0.038,26.0,107.0,0.9912,3.32,0.41,11.6,7.0
7.1,0.21,0.32,2.2,0.037,28.0,141.0,0.993,3.2,0.57,10.0,7.0
7.5,0.26,0.52,13.2,0.047,64.0,179.0,0.9982,3.1,0.46,9.0,5.0
7.3,0.19,0.49,15.55,0.058,50.0,134.0,0.9998,3.42,0.36,9.1,7.0
5.6,0.19,0.47,4.5,0.03,19.0,112.0,0.9922,3.56,0.45,11.2,6.0
5.8,0.28,0.3,3.9,0.026,36.0,105.0,0.98963,3.26,0.58,12.75,6.0
6.1,0.14,0.25,1.3,0.047,37.0,173.0,0.9925,3.35,0.46,10.0,6.0
7.0,0.24,0.24,9.0,0.03,42.0,219.0,0.99636,3.47,0.46,10.2,6.0
5.7,0.22,0.22,16.65,0.044,39.0,110.0,0.99855,3.24,0.48,9.0,6.0
6.6,0.26,0.31,4.8,0.138,41.0,168.0,0.9951,3.2,0.38,9.3,5.0
7.2,0.4,0.24,8.5,0.055,45.0,151.0,0.99626,3.2,0.52,9.2,5.0
5.9,0.28,0.14,8.6,0.032,30.0,142.0,0.99542,3.28,0.44,9.5,6.0
6.5,0.39,0.23,5.4,0.051,25.0,149.0,0.9934,3.24,0.35,10.0,5.0
6.6,0.29,0.44,9.0,0.053,62.0,178.0,0.99685,3.02,0.45,8.9,5.0
6.8,0.3,0.35,2.8,0.038,10.0,164.0,0.9912,3.09,0.53,12.0,6.0
7.0,0.21,0.34,8.0,0.057,19.0,101.0,0.9954,2.99,0.59,9.4,5.0
7.6,0.36,0.48,13.5,0.038,44.0,116.0,0.9982,3.04,0.48,9.2,5.0
5.1,0.26,0.34,6.4,0.034,26.0,99.0,0.99449,3.23,0.41,9.2,6.0
6.0,0.19,0.37,9.7,0.032,17.0,50.0,0.9932,3.08,0.66,12.0,6.0
5.6,0.12,0.33,2.9,0.044,21.0,73.0,0.98896,3.17,0.32,12.9,8.0
6.3,0.23,0.22,17.45,0.054,42.0,151.0,0.99853,3.12,0.6,9.3,6.0
7.3,0.32,0.48,13.3,0.06,57.0,196.0,0.9982,3.04,0.5,9.2,5.0
5.9,0.32,0.33,2.1,0.027,35.0,138.0,0.98945,3.37,0.42,12.7,6.0
7.6,0.67,0.14,1.5,0.074,25.0,168.0,0.9937,3.05,0.51,9.3,5.0
6.1,0.3,0.47,1.4,0.049,50.0,187.0,0.9927,3.19,0.45,9.5,5.0
7.9,0.17,0.32,1.6,0.053,47.0,150.0,0.9948,3.29,0.76,9.6,6.0
7.3,0.19,0.24,6.3,0.054,34.0,231.0,0.9964,3.36,0.54,10.0,6.0
5.6,0.46,0.24,4.8,0.042,24.0,72.0,0.9908,3.29,0.37,12.6,6.0
6.9,0.13,0.28,13.3,0.05,47.0,132.0,0.99655,3.34,0.42,10.1,6.0
7.0,0.23,0.42,18.05,0.05,35.0,144.0,0.9999,3.22,0.42,8.8,5.0
6.3,0.19,0.33,10.1,0.063,63.0,133.0,0.99561,2.86,0.41,9.1,5.0
6.9,0.26,0.38,10.5,0.044,33.0,139.0,0.99517,3.06,0.5,10.3,6.0
7.8,0.24,0.38,2.1,0.058,14.0,167.0,0.994,3.21,0.55,9.9,5.0
6.2,0.1,0.41,1.0,0.04,17.0,76.0,0.98988,3.14,0.56,11.4,7.0
5.8,0.28,0.3,3.9,0.026,36.0,105.0,0.98963,3.26,0.58,12.75,6.0
7.2,0.32,0.33,1.4,0.029,29.0,109.0,0.9902,3.15,0.51,12.8,7.0
7.1,0.18,0.74,15.6,0.044,44.0,176.0,0.9996,3.38,0.67,9.0,6.0
6.9,0.18,0.38,8.1,0.049,44.0,176.0,0.9958,3.3,0.54,9.8,6.0
5.2,0.38,0.26,7.7,0.053,20.0,103.0,0.9925,3.27,0.45,12.2,6.0
6.7,0.2,0.24,6.5,0.044,28.0,100.0,0.99348,3.12,0.33,10.2,6.0
6.7,0.42,0.39,12.1,0.04,61.0,248.0,0.99794,3.31,0.58,9.7,5.0
6.5,0.23,0.25,17.3,0.046,15.0,110.0,0.99828,3.15,0.42,9.2,6.0
8.1,0.25,0.34,10.1,0.05,30.0,121.0,0.99724,3.17,0.49,10.1,6.0
7.2,0.2,0.34,2.7,0.032,49.0,151.0,0.99,3.16,0.39,12.7,7.0
8.0,0.19,0.36,1.8,0.05,16.0,84.0,0.9936,3.15,0.45,9.8,7.0
7.7,0.28,0.33,6.7,0.037,32.0,155.0,0.9951,3.39,0.62,10.7,7.0
6.1,0.27,0.25,1.8,0.041,9.0,109.0,0.9929,3.08,0.54,9.0,5.0
6.1,0.3,0.32,2.2,0.042,41.0,142.0,0.98952,3.31,0.44,12.7,7.0
6.0,0.2,0.26,6.8,0.049,22.0,93.0,0.9928,3.15,0.42,11.0,6.0
7.2,0.35,0.25,5.6,0.032,23.0,120.0,0.99334,2.93,0.66,10.3,7.0
7.4,0.3,0.22,5.25,0.053,33.0,180.0,0.9926,3.13,0.45,11.6,6.0
6.6,0.23,0.32,0.9,0.041,25.0,79.0,0.9926,3.39,0.54,10.2,7.0
7.0,0.23,0.33,1.0,0.043,46.0,110.0,0.99118,3.04,0.65,10.8,6.0
5.2,0.24,0.45,3.8,0.027,21.0,128.0,0.992,3.55,0.49,11.2,8.0
9.8,0.16,0.46,1.8,0.046,23.0,130.0,0.99587,3.04,0.67,9.6,5.0
9.0,0.55,0.3,8.1,0.026,14.0,71.0,0.993,2.94,0.36,11.8,5.0
7.2,0.23,0.32,8.5,0.058,47.0,186.0,0.9956,3.19,0.4,9.9,6.0
7.1,0.3,0.49,1.6,0.045,31.0,100.0,0.9942,3.4,0.59,10.2,5.0
6.6,0.25,0.3,14.4,0.052,40.0,183.0,0.998,3.02,0.5,9.1,6.0
6.0,0.22,0.28,1.1,0.034,47.0,90.0,0.98862,3.22,0.38,12.6,6.0
6.6,0.3,0.24,1.2,0.034,17.0,121.0,0.9933,3.13,0.36,9.2,5.0
6.6,0.32,0.33,2.5,0.052,40.0,210.0,0.99316,3.15,0.6,10.0,5.0
7.2,0.2,0.22,1.6,0.044,17.0,101.0,0.99471,3.37,0.53,10.0,5.0
6.4,0.33,0.31,5.5,0.048,42.0,173.0,0.9951,3.19,0.66,9.3,6.0
7.8,0.3,0.29,16.85,0.054,23.0,135.0,0.9998,3.16,0.38,9.0,6.0
8.0,0.55,0.42,12.6,0.211,37.0,213.0,0.9988,2.99,0.56,9.3,5.0
5.8,0.2,0.3,1.5,0.031,21.0,57.0,0.99115,3.44,0.55,11.0,6.0
6.5,0.29,0.31,1.7,0.035,24.0,79.0,0.99053,3.27,0.69,11.4,7.0
6.7,0.5,0.38,7.5,0.046,26.0,175.0,0.99662,3.32,0.54,9.6,5.0
6.6,0.45,0.43,7.2,0.064,31.0,186.0,0.9954,3.12,0.44,9.4,5.0
6.9,0.19,0.28,3.0,0.054,33.0,99.0,0.9924,3.16,0.4,10.8,6.0
6.0,0.28,0.29,19.3,0.051,36.0,174.0,0.99911,3.14,0.5,9.0,5.0
7.6,0.1,0.33,1.0,0.031,33.0,93.0,0.99094,3.06,0.68,11.2,6.0
6.2,0.36,0.32,4.0,0.036,44.0,92.0,0.98936,3.2,0.5,13.3,7.0
6.3,0.2,0.26,4.7,0.04,108.0,168.0,0.99278,3.07,0.75,10.7,7.0
8.5,0.16,0.33,1.0,0.076,17.0,57.0,0.9921,3.14,0.46,10.6,6.0
7.5,0.24,0.31,13.0,0.049,46.0,217.0,0.9985,3.08,0.53,8.8,5.0
6.3,0.24,0.35,2.3,0.039,43.0,109.0,0.99056,3.34,0.44,11.8,6.0
6.9,0.18,0.3,2.0,0.038,39.0,190.0,0.9914,3.32,0.37,12.2,6.0
7.5,0.33,0.38,8.7,0.126,49.0,199.0,0.99711,2.98,0.57,9.4,5.0
6.6,0.27,0.52,8.1,0.044,53.0,202.0,0.99548,3.18,0.48,9.5,5.0
7.3,0.23,0.27,2.6,0.035,39.0,120.0,0.99138,3.04,0.59,11.3,7.0
6.9,0.31,0.32,1.6,0.036,34.0,114.0,0.99068,3.19,0.45,11.4,7.0
5.8,0.25,0.24,13.3,0.044,41.0,137.0,0.9972,3.34,0.42,9.5,5.0
6.3,0.22,0.34,5.0,0.032,36.0,93.0,0.99012,3.27,0.36,13.5,7.0
8.0,0.3,0.28,5.7,0.044,31.0,124.0,0.9948,3.16,0.51,10.2,6.0
6.1,0.27,0.31,1.5,0.035,17.0,83.0,0.99076,3.32,0.44,11.1,7.0
6.6,0.25,0.36,8.1,0.045,54.0,180.0,0.9958,3.08,0.42,9.2,5.0
7.6,0.19,0.32,18.75,0.047,32.0,193.0,1.00014,3.1,0.5,9.3,7.0
7.9,0.22,0.49,3.8,0.042,26.0,105.0,0.993,3.1,0.39,10.5,5.0
7.1,0.23,0.3,2.6,0.034,62.0,148.0,0.99121,3.03,0.56,11.3,7.0
8.3,0.22,0.38,14.8,0.054,32.0,126.0,1.0002,3.22,0.5,9.7,5.0
8.5,0.17,0.31,1.0,0.024,13.0,91.0,0.993,2.79,0.37,10.1,5.0
7.4,0.21,0.8,12.3,0.038,77.0,183.0,0.99778,2.95,0.48,9.0,5.0
6.4,0.22,0.32,4.9,0.046,50.0,156.0,0.99316,3.38,0.55,11.2,6.0
7.7,0.38,0.4,2.0,0.038,28.0,152.0,0.9906,3.18,0.32,12.9,6.0
6.6,0.25,0.35,2.9,0.034,38.0,121.0,0.99008,3.19,0.4,12.8,6.0
6.8,0.13,0.39,1.4,0.034,19.0,102.0,0.99121,3.23,0.6,11.3,7.0
8.3,0.26,0.41,9.2,0.042,41.0,162.0,0.9944,3.1,0.38,12.0,7.0
9.9,0.49,0.23,2.4,0.087,19.0,115.0,0.9948,2.77,0.44,9.4,6.0
8.0,0.27,0.57,10.4,0.053,18.0,134.0,0.99732,3.12,0.68,9.0,5.0
6.3,0.34,0.29,6.2,0.046,29.0,227.0,0.9952,3.29,0.53,10.1,6.0
8.4,0.24,0.49,7.4,0.039,46.0,108.0,0.9934,3.03,0.33,11.9,7.0
6.1,0.38,0.42,5.0,0.016,31.0,113.0,0.99007,3.15,0.31,12.4,7.0
6.1,0.18,0.36,2.0,0.038,20.0,249.5,0.9923,3.37,0.79,11.3,6.0
6.9,0.4,0.17,12.9,0.033,59.0,186.0,0.99754,3.08,0.49,9.4,5.0
7.0,0.2,0.35,8.8,0.037,31.0,103.0,0.99388,3.13,0.49,11.0,6.0
7.1,0.33,0.3,3.3,0.034,30.0,102.0,0.9912,3.08,0.31,12.3,7.0
7.0,0.44,0.24,12.1,0.056,68.0,210.0,0.99718,3.05,0.5,9.5,5.0
7.4,0.24,0.4,4.3,0.032,9.0,95.0,0.992,3.09,0.39,11.1,6.0
6.9,0.48,0.36,3.5,0.03,31.0,135.0,0.9904,3.14,0.38,12.2,7.0
6.3,0.3,0.2,3.7,0.039,34.0,132.0,0.99158,3.0,0.38,10.7,5.0
7.1,0.2,0.3,0.9,0.019,4.0,28.0,0.98931,3.2,0.36,12.0,6.0
7.9,0.26,0.33,10.3,0.039,73.0,212.0,0.9969,2.93,0.49,9.5,6.0
6.4,0.28,0.56,1.7,0.156,49.0,106.0,0.99354,3.1,0.37,9.2,6.0
7.8,0.29,0.22,9.5,0.056,44.0,213.0,0.99715,3.08,0.61,9.3,6.0
6.6,0.4,0.32,1.7,0.035,39.0,84.0,0.99096,3.59,0.48,12.7,7.0
6.4,0.24,0.27,1.5,0.04,35.0,105.0,0.98914,3.13,0.3,12.4,6.0
8.1,0.26,0.3,7.8,0.049,39.0,152.0,0.9954,2.99,0.58,10.0,6.0
6.1,0.38,0.2,6.6,0.033,25.0,137.0,0.9938,3.3,0.69,10.4,6.0
8.1,0.27,0.33,1.3,0.045,26.0,100.0,0.99066,2.98,0.44,12.4,6.0
7.1,0.21,0.28,2.7,0.034,23.0,111.0,0.99405,3.35,0.64,10.2,4.0
7.5,0.13,0.38,1.1,0.023,42.0,104.0,0.99112,3.28,0.53,11.8,6.0
5.8,0.24,0.39,1.5,0.054,37.0,158.0,0.9932,3.21,0.52,9.3,6.0
5.9,0.3,0.23,4.2,0.038,42.0,119.0,0.9924,3.15,0.5,11.0,5.0
6.8,0.28,0.29,11.9,0.052,51.0,149.0,0.99544,3.02,0.58,10.4,6.0
6.3,0.37,0.28,6.3,0.034,45.0,152.0,0.9921,3.29,0.46,11.6,7.0
6.0,0.31,0.24,3.3,0.041,25.0,143.0,0.9914,3.31,0.44,11.3,6.0
6.7,0.28,0.31,7.4,0.041,7.0,81.0,0.99254,3.04,0.47,11.4,8.0
5.9,0.3,0.29,1.1,0.036,23.0,56.0,0.9904,3.19,0.38,11.3,5.0
6.4,0.31,0.28,1.5,0.037,12.0,119.0,0.9919,3.32,0.51,10.4,7.0
7.1,0.12,0.32,9.6,0.054,64.0,162.0,0.9962,3.4,0.41,9.4,5.0
6.4,0.14,0.28,7.9,0.057,21.0,82.0,0.99425,3.26,0.36,10.0,6.0
7.1,0.32,0.24,13.1,0.05,52.0,204.0,0.998,3.1,0.49,8.8,5.0
6.9,0.25,0.35,9.2,0.034,42.0,150.0,0.9947,3.21,0.36,11.5,6.0
5.7,0.45,0.42,1.1,0.051,61.0,197.0,0.9932,3.02,0.4,9.0,5.0
7.4,0.26,0.31,2.4,0.043,58.0,178.0,0.9941,3.42,0.68,10.6,6.0
8.8,0.33,0.36,2.1,0.034,19.0,125.0,0.99166,2.96,0.98,12.7,6.0
6.3,0.3,0.19,7.7,0.049,47.0,184.0,0.99514,3.22,0.48,9.5,5.0
7.3,0.24,0.39,17.95,0.057,45.0,149.0,0.9999,3.21,0.36,8.6,5.0
6.6,0.24,0.38,8.0,0.042,56.0,187.0,0.99577,3.21,0.46,9.2,5.0
5.8,0.33,0.2,16.05,0.047,26.0,166.0,0.9976,3.09,0.46,8.9,5.0
8.1,0.31,0.24,1.6,0.032,10.0,67.0,0.9924,3.08,0.47,10.5,5.0
6.7,0.16,0.28,2.5,0.046,40.0,153.0,0.9921,3.38,0.51,11.4,7.0
6.3,0.16,0.22,1.3,0.046,18.0,66.0,0.99307,3.61,0.55,10.3,6.0
7.2,0.25,0.39,18.95,0.038,42.0,155.0,0.9999,2.97,0.47,9.0,6.0
6.6,0.24,0.27,15.8,0.035,46.0,188.0,0.9982,3.24,0.51,9.2,5.0
7.8,0.32,0.33,10.4,0.031,47.0,194.0,0.99692,3.07,0.58,9.6,6.0
7.1,0.21,0.35,2.5,0.04,41.0,186.0,0.99128,3.32,0.56,12.5,6.0
6.4,0.125,0.29,5.85,0.042,24.0,99.0,0.992,3.23,0.32,12.0,7.0
6.9,0.43,0.28,9.4,0.056,29.0,183.0,0.99594,3.17,0.43,9.4,5.0
7.7,0.17,0.52,5.9,0.017,21.0,84.0,0.9929,3.14,0.4,11.9,7.0
6.0,0.19,0.71,1.5,0.152,9.0,55.0,0.9927,3.12,0.46,9.8,6.0
6.2,0.27,0.18,1.5,0.028,20.0,111.0,0.99228,3.41,0.5,10.0,5.0
5.8,0.2,0.16,1.4,0.042,44.0,99.0,0.98912,3.23,0.37,12.2,6.0
6.6,0.28,0.3,7.8,0.049,57.0,202.0,0.9958,3.24,0.39,9.5,5.0
6.5,0.33,0.28,6.1,0.018,41.0,103.0,0.99122,3.24,0.32,12.2,6.0
8.9,0.21,0.34,7.1,0.037,33.0,150.0,0.9962,3.1,0.45,9.7,6.0
6.8,0.26,0.22,4.8,0.041,110.0,198.0,0.99437,3.29,0.67,10.6,5.0
6.6,0.38,0.29,2.9,0.035,15.0,101.0,0.98916,3.04,0.37,12.5,6.0
7.1,0.27,0.24,12.6,0.044,48.0,118.0,0.99726,3.04,0.56,10.0,7.0
7.2,0.21,1.0,1.1,0.154,46.0,114.0,0.9931,2.95,0.43,9.2,6.0
6.4,0.25,0.28,4.9,0.03,29.0,98.0,0.99024,3.09,0.58,12.8,7.0
7.0,0.46,0.2,16.7,0.046,50.0,184.0,0.99898,3.08,0.56,9.4,5.0
7.6,0.13,0.34,9.3,0.062,40.0,126.0,0.9966,3.21,0.39,9.6,5.0
5.5,0.21,0.25,1.2,0.04,18.0,75.0,0.99006,3.31,0.56,11.3,6.0
5.8,0.33,0.23,5.0,0.053,29.0,106.0,0.99458,3.13,0.52,9.0,5.0
7.4,0.19,0.3,12.8,0.053,48.5,229.0,0.9986,3.14,0.49,9.1,7.0
8.1,0.24,0.38,4.3,0.044,49.0,172.0,0.996,3.37,0.74,10.8,6.0
7.0,0.21,0.22,5.1,0.048,38.0,168.0,0.9945,3.34,0.49,10.4,6.0
6.7,0.41,0.27,2.6,0.033,25.0,85.0,0.99086,3.05,0.34,11.7,6.0
5.8,0.27,0.26,3.5,0.071,26.0,69.0,0.98994,3.1,0.38,11.5,6.0
7.0,0.39,0.21,10.7,0.098,13.0,91.0,0.99657,3.03,0.47,9.3,5.0
6.9,0.2,0.28,1.2,0.048,36.0,159.0,0.9936,3.19,0.43,9.1,6.0
7.7,0.28,0.29,6.9,0.041,29.0,163.0,0.9952,3.44,0.6,10.5,6.0
7.0,0.46,0.39,6.2,0.039,46.0,163.0,0.9928,3.21,0.35,12.2,7.0
6.7,0.28,0.34,8.9,0.048,32.0,111.0,0.99455,3.25,0.54,11.0,7.0
7.7,0.32,0.61,11.8,0.041,66.0,188.0,0.99794,3.0,0.54,9.3,5.0
6.8,0.18,0.28,1.1,0.027,32.0,112.0,0.99089,3.15,0.45,11.0,7.0
6.3,0.27,0.18,7.7,0.048,45.0,186.0,0.9962,3.23,0.47,9.0,5.0
6.9,0.44,0.42,8.5,0.048,10.0,147.0,0.9974,3.32,0.46,9.5,6.0
7.3,0.37,0.16,14.9,0.048,59.0,240.0,0.99902,3.13,0.45,8.9,5.0
7.3,0.22,0.37,15.5,0.048,70.0,203.0,0.99899,3.25,0.77,9.4,5.0
6.7,0.3,0.29,2.8,0.025,37.0,107.0,0.99159,3.31,0.63,11.3,7.0
6.5,0.5,0.22,4.1,0.036,35.0,131.0,0.9902,3.26,0.55,13.0,7.0
8.3,0.28,0.4,7.8,0.041,38.0,194.0,0.9976,3.34,0.51,9.6,6.0
6.5,0.23,0.33,13.8,0.042,25.0,139.0,0.99695,3.35,0.56,10.4,6.0
6.2,0.46,0.25,4.4,0.066,62.0,207.0,0.9939,3.25,0.52,9.8,5.0
6.7,0.12,0.3,5.2,0.048,38.0,113.0,0.99352,3.33,0.44,10.1,7.0
6.2,0.2,0.26,1.7,0.093,40.0,161.0,0.9924,3.44,0.66,11.0,5.0
